box,trade_id,symbol,strategy,setup_type,setup_grade,setup_score,direction,option_side,is_butterfly,strike,lower_strike,center_strike,upper_strike,expiry,contracts,entry_premium,exit_premium,current_premium,net_debit,max_profit,total_cost,max_loss,stop_premium,trail_activation,target_premium,underlying_entry,underlying_stop,underlying_target,orb_range_high,orb_range_low,short_strike,long_strike,credit_received,spread_width,is_condor_leg,condor_leg_num,is_broken_wing,short_symbol,long_symbol,pnl_usd,pnl_pct,regime,vix_at_entry,is_fed_day,status,exit_reason,order_id,lower_symbol,center_symbol,upper_symbol,option_symbol,paper_trade,entry_time,exit_time,notes,is_short_position
AAPL,3238b3b5-623e-4f9d-8bdb-21cb51d23f9e,AAPL,ORBStrategy,ORB Short,A,0.855,short,put,0,305.0,,,,2026-07-08,65,0.24,0.315,0.315,,,1560.0,1560.0,0.18,0.36,0.48,307.8999938964844,309.0400085449219,305.74,312.0,308.87,0.0,0.0,0.0,0.0,0,0,0,,,487.5000000000001,0.31250000000000006,BREAKOUT_VOLATILE,17.389999389648438,0,closed,orb_trail_stop pnl=31.3%,PAPER-1BE362AF,,,,,1,2026-07-08T13:44:05.970170+00:00,2026-07-08T13:47:35.928232+00:00,,0
AAPL,a4383f37-6371-4cbe-bb58-8124648d7cab,AAPL,SweepReversal,Sweep Reversal Long (low sweep → call),B,0.536,long,call,0,312.5,,,,2026-07-08,49,0.21000000000000002,0.215,0.215,,,1029.0,1029.0,0.15750000000000003,0.31500000000000006,0.42000000000000004,310.0400085449219,307.51218731689454,313.37001037597656,0.0,0.0,0.0,0.0,0.0,0.0,0,0,0,,,24.499999999999886,0.023809523809523697,SWEEP_REVERSAL,17.389999389648438,0,closed,theta_bleed pnl=2.4%,PAPER-B2B4A2C4,,,,,1,2026-07-08T14:11:21.037945+00:00,2026-07-08T14:14:35.998613+00:00,,0
AAPL,8184448f-8b13-4f32-ae32-14d952d6111a,AAPL,ORBStrategy,ORB Long,B,0.682,long,call,0,315.0,,,,2026-07-10,5,1.85,1.85,1.85,,,925.0,925.0,1.3875000000000002,2.7750000000000004,3.7,311.0799865722656,310.7190856933594,314.80999755859375,311.0,308.16,0.0,0.0,0.0,0.0,0,0,0,,,0.0,0.0,BREAKOUT_VOLATILE,16.760000228881836,0,closed,orb_range_violation: 1m close 310.37 back inside range (below 311.00),PAPER-432E0BAD,,,,,1,2026-07-09T13:36:13.907622+00:00,2026-07-09T13:41:13.985577+00:00, | Target adjusted to 314.81 (named level PDH just beyond TP),0
AMD,70147456-a752-4d12-8376-a769aa538b85,AMD,SweepReversal,Sweep Reversal Short (high sweep → put),B,0.663,short,put,0,515.0,,,,2026-07-10,2,4.925,,6.3,,,985.0,985.0,5.04,7.387499999999999,9.85,566.8200073242188,571.5709999999999,560.5500183105469,0.0,0.0,0.0,0.0,0.0,0.0,0,0,0,,,,,SWEEP_REVERSAL,16.239999771118164,0,closed,manual_orphan_clear,PAPER-FE9B75BA,,,,,1,2026-07-06T14:27:55.304468+00:00,,,0
AMD,afa49d3c-c764-43e8-934c-9b15cb44dfa1,AMD,SweepReversal,Sweep Reversal Long (low sweep → call),B,0.564,long,call,0,552.5,,,,2026-07-10,2,4.0,4.05,4.05,,,800.0,800.0,3.0,6.0,8.0,506.5089111328125,502.63687463378903,511.562255859375,0.0,0.0,0.0,0.0,0.0,0.0,0,0,0,,,9.999999999999964,0.012499999999999956,SWEEP_REVERSAL,16.34000015258789,0,closed,theta_bleed pnl=1.2%,PAPER-935CB96F,,,,,1,2026-07-07T14:48:12.845338+00:00,2026-07-07T14:48:26.663363+00:00,,0
AMD,d74a1027-607d-49cf-bc72-ac9cda986498,AMD,SweepReversal,Sweep Reversal Long (low sweep → call),B,0.659,long,call,0,550.0,,,,2026-07-10,2,4.15,4.225,4.225,,,830.0000000000001,830.0000000000001,3.1125000000000003,6.2250000000000005,8.3,507.5,502.60687536621094,514.0850219726562,0.0,0.0,0.0,0.0,0.0,0.0,0,0,0,,,14.999999999999858,0.018072289156626332,SWEEP_REVERSAL,16.34000015258789,0,closed,theta_bleed pnl=1.8%,PAPER-89797027,,,,,1,2026-07-07T14:53:13.695574+00:00,2026-07-07T14:54:26.591747+00:00,,0
AMD,09c6c2bd-b809-40f9-9c1c-1a571b73c472,AMD,SweepReversal,Sweep Reversal Long (low sweep → call),A,0.824,long,call,0,570.0,,,,2026-07-10,9,1.655,1.67,1.67,,,1489.5,1489.5,1.24125,2.4825,3.31,508.54998779296875,502.60687536621094,516.7099914550781,0.0,0.0,0.0,0.0,0.0,0.0,0,0,0,,,13.499999999999911,0.00906344410876127,SWEEP_REVERSAL,16.34000015258789,0,closed,theta_bleed pnl=0.9%,PAPER-EF9CC028,,,,,1,2026-07-07T14:58:11.608357+00:00,2026-07-07T15:10:41.782462+00:00,,0
AMD,25801385-3149-435c-b185-0626a790e736,AMD,SweepReversal,Sweep Reversal Long (low sweep → call),B,0.71,long,call,0,560.0,,,,2026-07-10,4,2.51,2.5149999999999997,2.5149999999999997,,,1003.9999999999999,1003.9999999999999,1.8824999999999998,3.7649999999999997,5.02,508.95001220703125,502.60687536621094,517.7100524902344,0.0,0.0,0.0,0.0,0.0,0.0,0,0,0,,,1.9999999999999574,0.001992031872509918,SWEEP_REVERSAL,16.34000015258789,0,closed,theta_bleed pnl=0.2%,PAPER-576AD908,,,,,1,2026-07-07T15:11:11.645416+00:00,2026-07-07T15:11:56.608973+00:00,,0
AMD,2ca73c53-7aa2-4fd4-a166-0a8be8b57622,AMD,SweepReversal,Sweep Reversal Long (low sweep → call),B,0.727,long,call,0,560.0,,,,2026-07-10,4,2.585,2.625,2.625,,,1034.0,1034.0,1.93875,3.8775,5.17,510.4798889160156,502.60687536621094,521.5347442626953,0.0,0.0,0.0,0.0,0.0,0.0,0,0,0,,,16.000000000000014,0.01547388781431336,SWEEP_REVERSAL,16.34000015258789,0,closed,theta_bleed pnl=1.5%,PAPER-42FD8A6A,,,,,1,2026-07-07T15:13:26.715541+00:00,2026-07-07T15:14:56.609667+00:00,,0
AMD,c795587a-8c36-429e-8644-3588ab2c47ca,AMD,SweepReversal,Sweep Reversal Long (low sweep → call),B,0.58,long,call,0,550.0,,,,2026-07-10,2,3.9,3.925,3.925,,,780.0,780.0,2.925,5.85,7.8,508.0350036621094,502.60687536621094,515.4225311279297,0.0,0.0,0.0,0.0,0.0,0.0,0,0,0,,,4.999999999999982,0.0064102564102563875,SWEEP_REVERSAL,16.34000015258789,0,closed,theta_bleed pnl=0.6%,PAPER-F57A1E2D,,,,,1,2026-07-07T15:22:11.663289+00:00,2026-07-07T15:26:11.643599+00:00,,0
AMD,12b3e611-5d30-4ee6-bdd5-43afa2eb23cf,AMD,SweepReversal,Sweep Reversal Long (low sweep → call),B,0.618,long,call,0,552.5,,,,2026-07-10,3,3.5,3.575,3.575,,,1050.0,1050.0,2.625,5.25,7.0,509.0,502.60687536621094,517.8350219726562,0.0,0.0,0.0,0.0,0.0,0.0,0,0,0,,,22.500000000000053,0.02142857142857148,SWEEP_REVERSAL,16.34000015258789,0,closed,theta_bleed pnl=2.1%,PAPER-5CE6AB2D,,,,,1,2026-07-07T15:27:26.583405+00:00,2026-07-07T15:27:41.746616+00:00,,0
AMD,ac1e75b1-f772-4089-b2b0-658209e4e062,AMD,SweepReversal,Sweep Reversal Long (low sweep → call),B,0.618,long,call,0,552.5,,,,2026-07-10,2,3.725,3.75,3.75,,,745.0,745.0,2.79375,5.5875,7.45,509.864990234375,502.60687536621094,519.9974975585938,0.0,0.0,0.0,0.0,0.0,0.0,0,0,0,,,4.999999999999982,0.00671140939597313,SWEEP_REVERSAL,16.34000015258789,0,closed,theta_bleed pnl=0.7%,PAPER-FEFE8724,,,,,1,2026-07-07T15:27:56.715370+00:00,2026-07-07T15:29:26.823704+00:00,,0
AMD,92b0ff93-dc70-423a-8e7a-7522ed2858d8,AMD,SweepReversal,Sweep Reversal Long (low sweep → call),B,0.623,long,call,0,552.5,,,,2026-07-10,2,3.9,3.9499999999999997,3.9499999999999997,,,780.0,780.0,2.925,5.85,7.8,510.9830017089844,502.60687536621094,522.7925262451172,0.0,0.0,0.0,0.0,0.0,0.0,0,0,0,,,9.999999999999964,0.012820512820512775,SWEEP_REVERSAL,16.34000015258789,0,closed,theta_bleed pnl=1.3%,PAPER-8192A38E,,,,,1,2026-07-07T15:29:56.672554+00:00,2026-07-07T15:30:11.830461+00:00,,0
AMD,217fb051-acf6-4190-a2f5-5a6149794881,AMD,SweepReversal,Sweep Reversal Long (low sweep → call),B,0.643,long,call,0,557.5,,,,2026-07-10,3,3.25,3.275,3.275,,,975.0,975.0,2.4375,4.875,6.5,511.3599853515625,502.60687536621094,523.7349853515625,0.0,0.0,0.0,0.0,0.0,0.0,0,0,0,,,7.499999999999973,0.007692307692307665,SWEEP_REVERSAL,16.34000015258789,0,closed,theta_bleed pnl=0.8%,PAPER-B1D9F2DC,,,,,1,2026-07-07T15:30:26.646408+00:00,2026-07-07T15:30:56.722074+00:00,,0
AMD,cabf4379-f429-4be0-a90d-3b344c84ad63,AMD,ORBStrategy,ORB Long,B,0.555,long,call,0,532.5,,,,2026-07-10,1,9.649999999999999,9.649999999999999,9.649999999999999,,,964.9999999999999,964.9999999999999,7.237499999999999,14.474999999999998,19.299999999999997,517.25,517.8800048828125,532.16,517.68,503.2,0.0,0.0,0.0,0.0,0,0,0,,,0.0,0.0,RANGING,17.389999389648438,0,closed,orb_range_violation: 1m close 517.00 back inside range (below 517.68),PAPER-E52285D7,,,,,1,2026-07-08T13:42:08.390025+00:00,2026-07-08T13:43:08.402923+00:00,,0
AMD,052c83e7-5d46-4ea6-935c-0b7722e89b28,AMD,SweepReversal,Sweep Reversal Long (low sweep → call),B,0.742,long,call,0,542.5,,,,2026-07-10,3,2.785,2.8200000000000003,2.8200000000000003,,,835.5,835.5,2.08875,4.1775,5.57,503.94000244140625,497.65184390258787,512.6250152587891,0.0,0.0,0.0,0.0,0.0,0.0,0,0,0,,,10.500000000000043,0.012567324955116747,SWEEP_REVERSAL,18.25,0,closed,theta_bleed pnl=1.3%,PAPER-33A01E4B,,,,,1,2026-07-08T15:33:23.478810+00:00,2026-07-08T15:34:38.448564+00:00,,0
AMD,76913da2-13ab-4a84-8065-659cfd1b34b3,AMD,SweepReversal,Sweep Reversal Long (low sweep → call),B,0.749,long,call,0,542.5,,,,2026-07-10,3,2.675,2.69,2.69,,,802.4999999999999,802.4999999999999,2.0062499999999996,4.012499999999999,5.35,505.4750061035156,497.65184390258787,516.4625244140625,0.0,0.0,0.0,0.0,0.0,0.0,0,0,0,,,4.500000000000037,0.005607476635514066,SWEEP_REVERSAL,18.25,0,closed,theta_bleed pnl=0.6%,PAPER-83252D1A,,,,,1,2026-07-08T15:35:53.498996+00:00,2026-07-08T15:49:38.457715+00:00,,0
AMD,23e6f7e5-c2b4-433c-85ea-2662450ebf0f,AMD,SweepReversal,Sweep Reversal Long (low sweep → call),B,0.56,long,call,0,537.5,,,,2026-07-10,3,3.425,3.5,3.5,,,1027.4999999999998,1027.4999999999998,2.5687499999999996,5.137499999999999,6.85,502.8699951171875,497.65184390258787,509.9499969482422,0.0,0.0,0.0,0.0,0.0,0.0,0,0,0,,,22.500000000000053,0.021897810218978155,SWEEP_REVERSAL,18.25,0,closed,theta_bleed pnl=2.2%,PAPER-30532AEE,,,,,1,2026-07-08T15:59:08.616082+00:00,2026-07-08T16:01:53.463014+00:00,,0
AMZN,8263c3d1-a614-4629-b58a-34b259be1de5,AMZN,ORBStrategy,ORB Short,B,0.555,short,put,0,242.5,,,,2026-07-08,5,1.8900000000000001,1.8900000000000001,1.8900000000000001,,,945.0000000000001,945.0000000000001,1.4175,2.835,3.7800000000000002,245.68350219726562,245.77000427246094,243.07,247.79,245.43,0.0,0.0,0.0,0.0,0,0,0,,,0.0,0.0,RANGING,15.890000343322754,0,closed,orb_range_violation: 1m close 245.57 back inside range (above 245.43),PAPER-335CDBF1,,,,,1,2026-07-07T13:41:03.188673+00:00,2026-07-07T13:41:18.060380+00:00,,0
AMZN,e19fc651-8504-4d4c-99c1-3fed1d113730,AMZN,ORBStrategy,ORB Long,A,0.855,long,call,0,250.0,,,,2026-07-08,15,1.04,0.875,0.875,,,1560.0000000000002,1560.0000000000002,0.78,1.56,2.08,248.61000061035156,247.77999877929688,250.15,247.79,245.43,0.0,0.0,0.0,0.0,0,0,0,,,-247.50000000000006,-0.15865384615384617,BREAKOUT_VOLATILE,15.890000343322754,0,closed,orb_range_violation: 1m close 247.59 back inside range (below 247.79),PAPER-1C964BE2,,,,,1,2026-07-07T13:54:03.094693+00:00,2026-07-07T13:59:03.083953+00:00,,0
AMZN,3ac80d23-cef6-4e76-b207-5caf607aec70,AMZN,SweepReversal,Sweep Reversal Short (high sweep → put),B,0.681,short,put,0,240.0,,,,2026-07-08,20,0.505,0.53,0.53,,,1010.0,1010.0,0.37875000000000003,0.7575000000000001,1.01,247.125,249.1639082794189,244.44001007080078,0.0,0.0,0.0,0.0,0.0,0.0,0,0,0,,,50.00000000000004,0.04950495049504955,SWEEP_REVERSAL,15.890000343322754,0,closed,theta_bleed pnl=5.0%,PAPER-0382C037,,,,,1,2026-07-07T13:59:18.055176+00:00,2026-07-07T13:59:33.174698+00:00,,0
AMZN,a47c3203-fea5-48c0-bae4-5780e347d665,AMZN,SweepReversal,Sweep Reversal Short (high sweep → put),B,0.709,short,put,0,240.0,,,,2026-07-08,19,0.54,0.5549999999999999,0.5549999999999999,,,1026.0000000000002,1026.0000000000002,0.405,0.81,1.08,247.38499450683594,249.1639082794189,245.08999633789062,0.0,0.0,0.0,0.0,0.0,0.0,0,0,0,,,28.499999999999815,0.027777777777777596,SWEEP_REVERSAL,15.890000343322754,0,closed,theta_bleed pnl=2.8%,PAPER-6DE95348,,,,,1,2026-07-07T13:59:48.123365+00:00,2026-07-07T14:00:18.143406+00:00,,0
AMZN,3912d744-95bc-4502-a74c-cbdbd0850f11,AMZN,SweepReversal,Sweep Reversal Short (high sweep → put),B,0.657,short,put,0,240.0,,,,2026-07-08,23,0.45499999999999996,0.33999999999999997,0.33999999999999997,,,1046.5,1046.5,0.34124999999999994,0.6824999999999999,0.9099999999999999,246.77499389648438,249.1639082794189,243.56499481201172,0.0,0.0,0.0,0.0,0.0,0.0,0,0,0,,,-264.49999999999994,-0.25274725274725274,SWEEP_REVERSAL,15.890000343322754,0,closed,stop_hit pnl=-25.3%,PAPER-E3E0F415,,,,,1,2026-07-07T14:02:48.078478+00:00,2026-07-07T14:07:03.217076+00:00,,0
AMZN,e51337e6-d7d9-4edc-a358-a1cef700de22,AMZN,SweepReversal,Sweep Reversal Short (high sweep → put),B,0.722,short,put,0,240.0,,,,2026-07-08,31,0.33499999999999996,0.35,0.35,,,1038.4999999999998,1038.4999999999998,0.25125,0.5025,0.6699999999999999,245.94000244140625,249.1639082794189,241.4775161743164,0.0,0.0,0.0,0.0,0.0,0.0,0,0,0,,,46.50000000000004,0.04477611940298512,SWEEP_REVERSAL,15.890000343322754,0,closed,theta_bleed pnl=4.5%,PAPER-6F05C308,,,,,1,2026-07-07T14:07:18.172540+00:00,2026-07-07T14:14:03.118926+00:00,,0
AMZN,13775543-5756-450a-8d61-418d39a23851,AMZN,SweepReversal,Sweep Reversal Short (high sweep → put),B,0.652,short,put,0,240.0,,,,2026-07-08,30,0.33999999999999997,0.36,0.36,,,1019.9999999999999,1019.9999999999999,0.255,0.51,0.6799999999999999,246.42999267578125,249.1639082794189,242.7024917602539,0.0,0.0,0.0,0.0,0.0,0.0,0,0,0,,,60.00000000000006,0.05882352941176476,SWEEP_REVERSAL,15.890000343322754,0,closed,theta_bleed pnl=5.9%,PAPER-07CDCA06,,,,,1,2026-07-07T14:16:48.169337+00:00,2026-07-07T14:17:03.123406+00:00,,0
AMZN,9c831618-9eaa-41f0-820c-e6160a473c2a,AMZN,SweepReversal,Sweep Reversal Short (high sweep → put),B,0.626,short,put,0,242.5,,,,2026-07-08,12,0.84,0.86,0.86,,,1008.0,1008.0,0.63,1.26,1.68,245.89999389648438,249.1639082794189,241.37749481201172,0.0,0.0,0.0,0.0,0.0,0.0,0,0,0,,,24.00000000000002,0.023809523809523832,SWEEP_REVERSAL,15.890000343322754,0,closed,theta_bleed pnl=2.4%,PAPER-CF8A73F5,,,,,1,2026-07-07T14:17:48.254112+00:00,2026-07-07T14:18:03.107052+00:00,,0
AMZN,08cafe14-c3ca-488c-a73e-e117f81e939e,AMZN,SweepReversal,Sweep Reversal Short (high sweep → put),B,0.643,short,put,0,240.0,,,,2026-07-08,19,0.535,0.55,0.55,,,1016.5000000000001,1016.5000000000001,0.40125,0.8025,1.07,245.7899932861328,249.1639082794189,241.1024932861328,0.0,0.0,0.0,0.0,0.0,0.0,0,0,0,,,28.500000000000025,0.028037383177570117,SWEEP_REVERSAL,15.890000343322754,0,closed,theta_bleed pnl=2.8%,PAPER-658075C4,,,,,1,2026-07-07T14:22:48.255214+00:00,2026-07-07T14:24:18.192827+00:00,,0
AMZN,b99afdef-c486-4dfe-9f16-a5bcb3bf1018,AMZN,SweepReversal,Sweep Reversal Short (high sweep → put),B,0.593,short,put,0,240.0,,,,2026-07-08,23,0.445,0.46499999999999997,0.46499999999999997,,,1023.5,1023.5,0.33375,0.6675,0.89,245.6699981689453,249.1639082794189,240.80250549316406,0.0,0.0,0.0,0.0,0.0,0.0,0,0,0,,,45.999999999999915,0.04494382022471902,SWEEP_REVERSAL,15.890000343322754,0,closed,theta_bleed pnl=4.5%,PAPER-43B5765F,,,,,1,2026-07-07T14:25:18.146129+00:00,2026-07-07T14:25:33.158564+00:00,,0
AMZN,31e1413c-f762-4108-be11-a07d63f68f0a,AMZN,SweepReversal,Sweep Reversal Short (high sweep → put),B,0.593,short,put,0,240.0,,,,2026-07-08,25,0.42,0.44,0.44,,,1050.0,1050.0,0.315,0.63,0.84,245.25,249.1639082794189,239.75251007080078,0.0,0.0,0.0,0.0,0.0,0.0,0,0,0,,,50.00000000000004,0.047619047619047665,SWEEP_REVERSAL,15.890000343322754,0,closed,theta_bleed pnl=4.8%,PAPER-9EF41C80,,,,,1,2026-07-07T14:26:33.184367+00:00,2026-07-07T14:26:48.256413+00:00,,0
AMZN,82304757-a339-4ea9-a497-98e16a390f52,AMZN,SweepReversal,Sweep Reversal Short (high sweep → put),B,0.593,short,put,0,240.0,,,,2026-07-08,28,0.365,0.375,0.375,,,1021.9999999999999,1021.9999999999999,0.27375,0.5475,0.73,244.9199981689453,249.1639082794189,238.92750549316406,0.0,0.0,0.0,0.0,0.0,0.0,0,0,0,,,28.000000000000025,0.02739726027397263,SWEEP_REVERSAL,15.890000343322754,0,closed,theta_bleed pnl=2.7%,PAPER-084D4E7A,,,,,1,2026-07-07T14:28:33.130346+00:00,2026-07-07T14:29:18.121578+00:00,,0
AMZN,0f4fa37a-2348-46ee-a10b-3e9373e460a2,AMZN,SweepReversal,Sweep Reversal Long (low sweep → call),B,0.562,long,call,0,247.5,,,,2026-07-08,38,0.27,0.325,0.325,,,1026.0000000000002,1026.0000000000002,0.2025,0.405,0.54,242.77999877929688,240.63912487792967,245.62998962402344,0.0,0.0,0.0,0.0,0.0,0.0,0,0,0,,,209.0,0.20370370370370366,SWEEP_REVERSAL,17.389999389648438,0,closed,trail_stop_hit pnl=20.4%,PAPER-BEFA1DCB,,,,,1,2026-07-08T14:05:17.043220+00:00,2026-07-08T14:06:00.915336+00:00,,0
AMZN,fb5fb019-5aa6-4fcb-9c37-619d8e4bee0f,AMZN,SweepReversal,Sweep Reversal Long (low sweep → call),B,0.57,long,call,0,247.5,,,,2026-07-08,42,0.245,0.165,0.165,,,1029.0,1029.0,0.18375,0.3675,0.49,243.0395050048828,240.63912487792967,246.27875518798828,0.0,0.0,0.0,0.0,0.0,0.0,0,0,0,,,-335.99999999999994,-0.32653061224489793,SWEEP_REVERSAL,17.389999389648438,0,closed,stop_hit pnl=-32.7%,PAPER-EA578EE1,,,,,1,2026-07-08T14:07:30.967751+00:00,2026-07-08T14:08:45.799831+00:00,,0
AMZN,41d06fc4-4e32-4efb-bd4d-44c6b8eb47b0,AMZN,SweepReversal,Sweep Reversal Long (low sweep → call),B,0.601,long,call,0,247.5,,,,2026-07-08,61,0.16999999999999998,0.125,0.125,,,1037.0,1037.0,0.1275,0.255,0.33999999999999997,243.10499572753906,240.63912487792967,246.4424819946289,0.0,0.0,0.0,0.0,0.0,0.0,0,0,0,,,-274.49999999999994,-0.2647058823529411,SWEEP_REVERSAL,17.389999389648438,0,closed,stop_hit pnl=-26.5%,PAPER-93B6F7D8,,,,,1,2026-07-08T14:09:25.816920+00:00,2026-07-08T14:14:30.956342+00:00,,0
AMZN,6e341027-1a8a-4283-bc86-1898f8105680,AMZN,ORBStrategy,ORB Short,B,0.682,short,put,0,247.5,,,,2026-07-10,4,2.3200000000000003,2.3200000000000003,2.3200000000000003,,,928.0000000000001,928.0000000000001,1.7400000000000002,3.4800000000000004,4.640000000000001,248.60000610351562,249.01499938964844,246.67,251.03,248.85,0.0,0.0,0.0,0.0,0,0,0,,,0.0,0.0,BREAKOUT_VOLATILE,15.739999771118164,0,closed,orb_range_violation: 1m close 248.85 back inside range (above 248.85),PAPER-B4D55B10,,,,,1,2026-07-10T13:36:30.544588+00:00,2026-07-10T13:38:15.340881+00:00,,0
AMZN,70308575-7296-4543-bc7d-01a73294d36a,AMZN,ORBStrategy,ORB Short,B,0.682,short,put,0,247.5,,,,2026-07-10,4,2.3200000000000003,2.3200000000000003,2.3200000000000003,,,928.0000000000001,928.0000000000001,1.7400000000000002,3.4800000000000004,4.640000000000001,248.77000427246094,248.85499572753906,246.67,251.03,248.85,0.0,0.0,0.0,0.0,0,0,0,,,0.0,0.0,BREAKOUT_VOLATILE,15.739999771118164,0,closed,orb_range_violation: 1m close 249.26 back inside range (above 248.85),PAPER-A0C3C6D6,,,,,1,2026-07-10T13:39:15.353197+00:00,2026-07-10T13:40:15.435134+00:00,,0
AVGO,e0e239ce-e53b-458b-818b-0031aa4ae278,AVGO,SweepReversal,Sweep Reversal Short (high sweep → put),A,0.828,short,put,0,360.0,,,,2026-07-06,3,4.449999999999999,0.7050000000000001,0.7050000000000001,,,1334.9999999999998,1334.9999999999998,3.3374999999999995,6.674999999999999,8.899999999999999,380.2699890136719,383.53815377807615,375.9424743652344,0.0,0.0,0.0,0.0,0.0,0.0,0,0,0,,,-1123.4999999999998,-0.8415730337078652,SWEEP_REVERSAL,16.43000030517578,0,closed,stop_hit pnl=-84.2%,PAPER-2E8BABD0,,,,,1,2026-07-06T13:45:00.981564+00:00,2026-07-06T13:45:46.169765+00:00,,0
AVGO,e0dc855b-bacf-4a0b-ba9b-fce1a4a9afec,AVGO,SweepReversal,Sweep Reversal Short (high sweep → put),A,0.801,short,put,0,362.5,,,,2026-07-06,40,0.385,0.26,0.26,,,1540.0,1540.0,0.28875,0.5775,0.77,378.5299987792969,383.53815377807615,371.5924987792969,0.0,0.0,0.0,0.0,0.0,0.0,0,0,0,,,-500.0,-0.3246753246753247,SWEEP_REVERSAL,16.260000228881836,0,closed,stop_hit pnl=-32.5%,PAPER-386D0479,,,,,1,2026-07-06T13:48:53.488538+00:00,2026-07-06T13:49:48.396840+00:00,,0
AVGO,ef029bd9-9710-4516-a263-8c0fb7f08e40,AVGO,SweepReversal,Sweep Reversal Short (high sweep → put),B,0.706,short,put,0,370.0,,,,2026-07-06,14,0.71,0.45499999999999996,0.45499999999999996,,,994.0,994.0,0.5325,1.065,1.42,379.9200134277344,383.53815377807615,375.0675354003906,0.0,0.0,0.0,0.0,0.0,0.0,0,0,0,,,-357.0,-0.3591549295774648,SWEEP_REVERSAL,16.260000228881836,0,closed,stop_hit pnl=-35.9%,PAPER-4CD427C8,,,,,1,2026-07-06T14:05:48.313734+00:00,2026-07-06T14:11:03.351672+00:00,,0
AVGO,f79e686b-7e3d-449a-a28e-dfd0659f49ab,AVGO,SweepReversal,Sweep Reversal Short (high sweep → put),B,0.706,short,put,0,370.0,,,,2026-07-06,23,0.44499999999999995,0.315,0.315,,,1023.5,1023.5,0.33375,0.6675,0.8899999999999999,379.3999938964844,383.53815377807615,373.7674865722656,0.0,0.0,0.0,0.0,0.0,0.0,0,0,0,,,-298.9999999999999,-0.2921348314606741,SWEEP_REVERSAL,16.260000228881836,0,closed,stop_hit pnl=-29.2%,PAPER-24AAA617,,,,,1,2026-07-06T14:17:18.436457+00:00,2026-07-06T14:27:03.500187+00:00,,0
AVGO,05e1f50f-9a67-4c81-8959-1024e5cb4269,AVGO,ORBStrategy,ORB Short,B,0.728,short,put,0,360.0,,,,2026-07-08,5,2.0999999999999996,2.0999999999999996,2.0999999999999996,,,1049.9999999999998,1049.9999999999998,1.5749999999999997,3.1499999999999995,4.199999999999999,366.17999267578125,366.5199890136719,359.44000000000005,372.5,365.97,0.0,0.0,0.0,0.0,0,0,0,,,0.0,0.0,RANGING,15.880000114440918,0,closed,orb_range_violation: 1m close 366.18 back inside range (above 365.97),PAPER-95933FF3,,,,,1,2026-07-07T14:00:07.984863+00:00,2026-07-07T14:00:23.089548+00:00,,0
AVGO,e65b456f-134f-4fa2-80ca-c1587694c6c0,AVGO,ORBStrategy,ORB Short,B,0.728,short,put,0,360.0,,,,2026-07-08,4,2.51,2.335,2.335,,,1003.9999999999999,1003.9999999999999,1.8824999999999998,3.7649999999999997,5.02,366.0899963378906,366.2900085449219,359.44000000000005,372.5,365.97,0.0,0.0,0.0,0.0,0,0,0,,,-69.99999999999993,-0.06972111553784854,RANGING,15.880000114440918,0,closed,orb_range_violation: 1m close 366.04 back inside range (above 365.97),PAPER-4B1216BF,,,,,1,2026-07-07T14:09:07.951387+00:00,2026-07-07T14:10:08.121380+00:00,,0
AVGO,11b44750-135c-40fd-af73-47a8c110b595,AVGO,ORBStrategy,ORB Short,B,0.76,short,put,0,360.0,,,,2026-07-08,4,2.285,2.335,2.335,,,914.0,914.0,1.71375,3.4275,4.57,365.5199890136719,365.95001220703125,359.44000000000005,372.5,365.97,0.0,0.0,0.0,0.0,0,0,0,,,19.99999999999993,0.02188183807439817,RANGING,15.880000114440918,0,closed,theta_bleed pnl=2.2%,PAPER-056A58C0,,,,,1,2026-07-07T14:11:08.148606+00:00,2026-07-07T14:11:38.052597+00:00,,0
AVGO,f8581cda-ab9f-40f9-b3fc-ce8fdc7ab9bd,AVGO,ORBStrategy,ORB Short,B,0.76,short,put,0,360.0,,,,2026-07-08,4,2.3499999999999996,2.385,2.385,,,939.9999999999999,939.9999999999999,1.7624999999999997,3.5249999999999995,4.699999999999999,364.9800109863281,365.95001220703125,359.44000000000005,372.5,365.97,0.0,0.0,0.0,0.0,0,0,0,,,14.000000000000057,0.014893617021276659,RANGING,15.880000114440918,0,closed,theta_bleed pnl=1.5%,PAPER-ADB4A369,,,,,1,2026-07-07T14:11:53.008390+00:00,2026-07-07T14:13:08.252409+00:00,,0
AVGO,7a757ea6-f2e4-42ea-8b4f-99dbd9d76022,AVGO,SweepReversal,Sweep Reversal Short (high sweep → put),B,0.532,short,put,0,380.0,,,,2026-07-08,15,0.665,0.69,0.69,,,997.5000000000001,997.5000000000001,0.49875,0.9975,1.33,385.7099914550781,388.1577590026855,382.6199951171875,0.0,0.0,0.0,0.0,0.0,0.0,0,0,0,,,37.499999999999865,0.03759398496240588,SWEEP_REVERSAL,17.5,0,closed,theta_bleed pnl=3.8%,PAPER-991CFFE3,,,,,1,2026-07-08T14:36:57.521896+00:00,2026-07-08T14:37:12.540791+00:00,,0
AVGO,315afa38-af6b-4d85-8560-6fd64ec59f62,AVGO,SweepReversal,Sweep Reversal Short (high sweep → put),B,0.646,short,put,0,380.0,,,,2026-07-08,12,0.825,0.835,0.835,,,989.9999999999999,989.9999999999999,0.6187499999999999,1.2374999999999998,1.65,385.9596862792969,389.6291385803222,381.03936767578125,0.0,0.0,0.0,0.0,0.0,0.0,0,0,0,,,12.00000000000001,0.012121212121212133,SWEEP_REVERSAL,17.5,0,closed,theta_bleed pnl=1.2%,PAPER-2F11F333,,,,,1,2026-07-08T14:47:57.749226+00:00,2026-07-08T14:51:42.686853+00:00,,0
AVGO,afa315a0-0f4a-40ac-974f-ea68c0de368d,AVGO,SweepReversal,Sweep Reversal Short (high sweep → put),B,0.611,short,put,0,380.0,,,,2026-07-08,15,0.6799999999999999,0.685,0.685,,,1019.9999999999999,1019.9999999999999,0.51,1.02,1.3599999999999999,387.0299987792969,390.73033633422847,382.06500244140625,0.0,0.0,0.0,0.0,0.0,0.0,0,0,0,,,7.500000000000173,0.007352941176470759,SWEEP_REVERSAL,17.5,0,closed,theta_bleed pnl=0.7%,PAPER-8C386B64,,,,,1,2026-07-08T15:14:12.691065+00:00,2026-07-08T15:14:27.542932+00:00,,0
AVGO,2f4dae23-161b-4f55-9dda-0ff2352a29d7,AVGO,SweepReversal,Sweep Reversal Short (high sweep → put),B,0.611,short,put,0,380.0,,,,2026-07-08,16,0.64,0.7749999999999999,0.7749999999999999,,,1024.0,1024.0,0.48,0.96,1.28,387.1000061035156,390.73033633422847,382.2400207519531,0.0,0.0,0.0,0.0,0.0,0.0,0,0,0,,,215.99999999999983,0.21093749999999983,SWEEP_REVERSAL,17.5,0,closed,trail_stop_hit pnl=21.1%,PAPER-68E21371,,,,,1,2026-07-08T15:14:42.647171+00:00,2026-07-08T15:16:27.797325+00:00,,0
AVGO,20a7bf97-2df1-47a7-a891-a11d7c4dddc7,AVGO,SweepReversal,Sweep Reversal Short (high sweep → put),B,0.719,short,put,0,377.5,,,,2026-07-08,28,0.365,0.375,0.375,,,1021.9999999999999,1021.9999999999999,0.27375,0.5475,0.73,386.29998779296875,390.73033633422847,380.23997497558594,0.0,0.0,0.0,0.0,0.0,0.0,0,0,0,,,28.000000000000025,0.02739726027397263,SWEEP_REVERSAL,17.5,0,closed,theta_bleed pnl=2.7%,PAPER-A38A5B4C,,,,,1,2026-07-08T15:16:57.604399+00:00,2026-07-08T15:17:13.872932+00:00,,0
AVGO,b5cacc5b-a487-402d-a30b-6202d793418d,AVGO,SweepReversal,Sweep Reversal Short (high sweep → put),B,0.667,short,put,0,377.5,,,,2026-07-08,26,0.39,0.29,0.29,,,1014.0,1014.0,0.2925,0.585,0.78,385.5899963378906,390.73033633422847,378.4649963378906,0.0,0.0,0.0,0.0,0.0,0.0,0,0,0,,,-260.0000000000001,-0.2564102564102565,SWEEP_REVERSAL,17.5,0,closed,stop_hit pnl=-25.6%,PAPER-4AE88AE5,,,,,1,2026-07-08T15:17:42.684733+00:00,2026-07-08T15:22:57.544997+00:00,,0
AVGO,c50b31fc-40c2-4348-9349-e670418910e5,AVGO,SweepReversal,Sweep Reversal Short (high sweep → put),B,0.643,short,put,0,382.5,,,,2026-07-08,14,0.71,0.735,0.735,,,994.0,994.0,0.5325,1.065,1.42,384.8299865722656,390.73033633422847,376.5649719238281,0.0,0.0,0.0,0.0,0.0,0.0,0,0,0,,,35.00000000000003,0.03521126760563384,SWEEP_REVERSAL,17.5,0,closed,theta_bleed pnl=3.5%,PAPER-F0285E5E,,,,,1,2026-07-08T15:24:27.600309+00:00,2026-07-08T15:24:57.591622+00:00,,0
AVGO,159888b2-2161-4533-8dab-abb89701acfd,AVGO,SweepReversal,Sweep Reversal Short (high sweep → put),B,0.643,short,put,0,382.5,,,,2026-07-08,13,0.79,0.81,0.81,,,1027.0,1027.0,0.5925,1.185,1.58,384.4599914550781,390.73033633422847,375.6399841308594,0.0,0.0,0.0,0.0,0.0,0.0,0,0,0,,,26.00000000000002,0.025316455696202552,SWEEP_REVERSAL,17.5,0,closed,theta_bleed pnl=2.5%,PAPER-B3A16481,,,,,1,2026-07-08T15:25:27.670956+00:00,2026-07-08T15:26:42.609781+00:00,,0
AVGO,5db4dc37-48cf-447f-97e3-1f9a55c5e5a1,AVGO,SweepReversal,Sweep Reversal Short (high sweep → put),B,0.648,short,put,0,382.5,,,,2026-07-08,28,0.375,0.28,0.28,,,1050.0,1050.0,0.28125,0.5625,0.75,391.9783020019531,394.4640773315429,388.8407440185547,0.0,0.0,0.0,0.0,0.0,0.0,0,0,0,,,-265.99999999999994,-0.25333333333333324,SWEEP_REVERSAL,17.809999465942383,0,closed,stop_hit pnl=-25.3%,PAPER-C5BD2A20,,,,,1,2026-07-08T16:36:27.933012+00:00,2026-07-08T16:37:27.601845+00:00,,0
AVGO,b7cd6668-d50e-4176-99f5-429299eb82da,AVGO,SweepReversal,Sweep Reversal Short (high sweep → put),B,0.648,short,put,0,382.5,,,,2026-07-08,35,0.29500000000000004,0.30500000000000005,0.30500000000000005,,,1032.5,1032.5,0.22125000000000003,0.44250000000000006,0.5900000000000001,391.8399963378906,394.4640773315429,388.49497985839844,0.0,0.0,0.0,0.0,0.0,0.0,0,0,0,,,35.00000000000003,0.03389830508474579,SWEEP_REVERSAL,17.809999465942383,0,closed,theta_bleed pnl=3.4%,PAPER-906C649B,,,,,1,2026-07-08T16:37:42.704038+00:00,2026-07-08T16:37:57.765514+00:00,,0
AVGO,582761d7-d375-4eaf-af28-dcda9a7da544,AVGO,SweepReversal,Sweep Reversal Short (high sweep → put),B,0.68,short,put,0,385.0,,,,2026-07-08,19,0.54,0.5449999999999999,0.5449999999999999,,,1026.0000000000002,1026.0000000000002,0.405,0.81,1.08,391.1099853515625,394.4640773315429,386.6699523925781,0.0,0.0,0.0,0.0,0.0,0.0,0,0,0,,,9.499999999999797,0.009259259259259061,SWEEP_REVERSAL,17.809999465942383,0,closed,theta_bleed pnl=0.9%,PAPER-B7F3B4F3,,,,,1,2026-07-08T16:38:27.679098+00:00,2026-07-08T16:38:57.673833+00:00,,0
AVGO,2657f15c-01a2-44ec-8b6c-855c4bbe65dc,AVGO,SweepReversal,Sweep Reversal Short (high sweep → put),B,0.68,short,put,0,385.0,,,,2026-07-08,17,0.605,0.425,0.425,,,1028.5,1028.5,0.45375,0.9075,1.21,390.9200134277344,394.4640773315429,386.1950225830078,0.0,0.0,0.0,0.0,0.0,0.0,0,0,0,,,-306.0,-0.2975206611570248,SWEEP_REVERSAL,17.809999465942383,0,closed,stop_hit pnl=-29.8%,PAPER-77DC1AAB,,,,,1,2026-07-08T16:39:27.797480+00:00,2026-07-08T16:41:13.690461+00:00,,0
AVGO,f416c3db-e8d7-445f-914d-fa3f398325c2,AVGO,SweepReversal,Sweep Reversal Short (high sweep → put),B,0.561,short,put,0,387.5,,,,2026-07-08,28,0.365,0.38,0.38,,,1021.9999999999999,1021.9999999999999,0.27375,0.5475,0.73,393.29998779296875,395.48508633422847,390.61497497558594,0.0,0.0,0.0,0.0,0.0,0.0,0,0,0,,,42.000000000000036,0.04109589041095894,SWEEP_REVERSAL,17.809999465942383,0,closed,theta_bleed pnl=4.1%,PAPER-4B7C2ABE,,,,,1,2026-07-08T17:11:13.763638+00:00,2026-07-08T17:11:42.906454+00:00,,0
AVGO,7e3aecfa-2438-4ab1-abe7-aa30b892d3b6,AVGO,SweepReversal,Sweep Reversal Short (high sweep → put),B,0.583,short,put,0,390.0,,,,2026-07-08,15,0.665,0.6599999999999999,0.6599999999999999,,,997.5000000000001,997.5000000000001,0.68,0.9975,1.33,392.739990234375,395.48508633422847,389.21498107910156,0.0,0.0,0.0,0.0,0.0,0.0,0,0,0,,,-7.500000000000173,-0.007518796992481376,SWEEP_REVERSAL,17.809999465942383,0,closed,stop_hit pnl=-0.8%,PAPER-1F67029C,,,,,1,2026-07-08T17:14:57.688108+00:00,2026-07-08T17:22:12.932341+00:00,,0
AVGO,33872752-d6fe-4540-b296-dbfb14a2bbd1,AVGO,SweepReversal,Sweep Reversal Short (high sweep → put),B,0.562,short,put,0,387.5,,,,2026-07-08,30,0.33999999999999997,0.36,0.36,,,1019.9999999999999,1019.9999999999999,0.3400000000000001,0.51,0.6799999999999999,392.2101135253906,395.48508633422847,387.8902893066406,0.0,0.0,0.0,0.0,0.0,0.0,0,0,0,,,60.00000000000006,0.05882352941176476,SWEEP_REVERSAL,17.809999465942383,0,closed,theta_bleed pnl=5.9%,PAPER-89DD6DA8,,,,,1,2026-07-08T17:27:42.872097+00:00,2026-07-08T17:31:58.004350+00:00,,0
AVGO,aaa3a1be-d931-4d7d-8e65-0fe038971fb8,AVGO,ORBStrategy,ORB Short,B,0.591,short,put,0,395.0,,,,2026-07-10,2,4.625,5.6,5.6,,,925.0,925.0,3.46875,6.9375,9.25,391.864990234375,400.3900146484375,396.1152,403.145,399.6301,0.0,0.0,0.0,0.0,0,0,0,,,194.99999999999994,0.21081081081081074,RANGING,16.760000228881836,0,closed,orb_trail_stop pnl=21.1%,PAPER-2E695964,,,,,1,2026-07-09T14:10:22.653694+00:00,2026-07-09T14:13:37.333955+00:00,,0
AVGO,92471574-06e1-4b0e-8fa6-1a699d9a6b1c,AVGO,ORBStrategy,ORB Short,A,0.848,short,put,0,395.0,,,,2026-07-10,13,1.15,1.1800000000000002,1.1800000000000002,,,1495.0,1495.0,0.8624999999999999,1.7249999999999999,2.3,399.0899963378906,396.97979736328125,393.0999,400.3201,396.71,0.0,0.0,0.0,0.0,0,0,0,,,39.00000000000033,0.026086956521739348,COMPRESSION,15.5600004196167,0,closed,orb_range_violation: 1m close 399.15 back inside range (above 396.71),PAPER-574F1EEA,,,,,1,2026-07-10T14:50:41.968265+00:00,2026-07-10T14:50:56.121035+00:00,,0
COST,785f4065-9ec6-46e2-a119-90a7108065e1,COST,ORBStrategy,ORB Short,B,0.588,short,put,0,960.0,,,,2026-07-10,1,8.55,8.55,8.55,,,855.0000000000001,855.0000000000001,6.4125000000000005,12.825000000000001,17.1,962.8099975585938,962.3300170898438,957.9200000000001,968.0,962.96,0.0,0.0,0.0,0.0,0,0,0,,,0.0,0.0,RANGING,15.899999618530273,0,closed,orb_range_violation: 1m close 963.30 back inside range (above 962.96),PAPER-B07FE61A,,,,,1,2026-07-07T14:20:13.697756+00:00,2026-07-07T14:20:28.543715+00:00,,0
CRM,3872cdb8-62bf-422e-9cd0-d08bf75b11c1,CRM,SweepReversal,Sweep Reversal Short (high sweep → put),B,0.618,short,put,0,162.5,,,,2026-07-10,15,0.69,0.6950000000000001,0.6950000000000001,,,1035.0,1035.0,0.5175,1.035,1.38,169.91000366210938,171.0308606109619,168.4850082397461,0.0,0.0,0.0,0.0,0.0,0.0,0,0,0,,,7.500000000000173,0.00724637681159437,SWEEP_REVERSAL,15.880000114440918,0,closed,theta_bleed pnl=0.7%,PAPER-978D5B8C,,,,,1,2026-07-07T14:59:01.274020+00:00,2026-07-07T15:13:46.004620+00:00,,0
CRM,7f492fa2-a1aa-49e3-9ccb-768d828eaf1a,CRM,SweepReversal,Sweep Reversal Short (high sweep → put),B,0.642,short,put,0,162.5,,,,2026-07-10,18,0.5549999999999999,0.56,0.56,,,998.9999999999999,998.9999999999999,0.41624999999999995,0.8324999999999999,1.1099999999999999,171.14500427246094,171.9017257232666,170.26751708984375,0.0,0.0,0.0,0.0,0.0,0.0,0,0,0,,,9.000000000000208,0.009009009009009219,SWEEP_REVERSAL,16.5,0,closed,theta_bleed pnl=0.9%,PAPER-838135F4,,,,,1,2026-07-07T16:13:47.011127+00:00,2026-07-07T16:22:46.873653+00:00,,0
CRM,fc58326a-5930-4435-ad9e-f2cefb38af3d,CRM,SweepReversal,Sweep Reversal Short (high sweep → put),B,0.609,short,put,0,162.5,,,,2026-07-10,18,0.56,0.42000000000000004,0.42000000000000004,,,1008.0000000000002,1008.0000000000002,0.42000000000000004,0.8400000000000001,1.12,170.5749969482422,171.9017257232666,168.84249877929688,0.0,0.0,0.0,0.0,0.0,0.0,0,0,0,,,-252.00000000000006,-0.25,SWEEP_REVERSAL,16.5,0,closed,stop_hit pnl=-25.0%,PAPER-CB02FCC2,,,,,1,2026-07-07T16:23:01.939384+00:00,2026-07-07T18:52:17.011046+00:00,,0
CRM,ec028cca-b80d-4937-b39d-55414ada7a17,CRM,SweepReversal,Sweep Reversal Long (low sweep → call),B,0.612,long,call,0,172.5,,,,2026-07-10,17,0.6100000000000001,0.6799999999999999,0.6799999999999999,,,1037.0,1037.0,0.4575000000000001,0.9150000000000001,1.2200000000000002,165.36000061035156,164.61521878051758,166.2300033569336,0.0,0.0,0.0,0.0,0.0,0.0,0,0,0,,,118.99999999999973,0.11475409836065546,SWEEP_REVERSAL,17.389999389648438,0,closed,bos_exit pnl=11.5%,PAPER-E834912B,,,,,1,2026-07-08T14:21:09.732899+00:00,2026-07-08T14:24:09.760548+00:00,,0
CRM,a08186a0-b244-4ff4-9a51-98657a732607,CRM,SweepReversal,Sweep Reversal Long (low sweep → call),B,0.551,long,call,0,172.5,,,,2026-07-10,19,0.54,0.5449999999999999,0.5449999999999999,,,1026.0000000000002,1026.0000000000002,0.405,0.81,1.08,165.50599670410156,164.61521878051758,166.5949935913086,0.0,0.0,0.0,0.0,0.0,0.0,0,0,0,,,9.499999999999797,0.009259259259259061,SWEEP_REVERSAL,17.5,0,closed,theta_bleed pnl=0.9%,PAPER-2250018F,,,,,1,2026-07-08T14:44:54.907588+00:00,2026-07-08T15:25:09.945742+00:00,,0
CRM,11d48494-b9dd-4779-a727-6dcfbe7b7c0c,CRM,ORBStrategy,ORB Long,B,0.682,long,call,0,165.0,,,,2026-07-10,3,3.2750000000000004,3.2750000000000004,0.525,,,982.5000000000001,982.5000000000001,2.4562500000000003,4.9125000000000005,6.550000000000001,159.61000061035156,159.61000061035156,163.01,159.745,156.48,0.0,0.0,0.0,0.0,0,0,0,,,0.0,0.0,BREAKOUT_VOLATILE,16.760000228881836,0,closed,hard_close_15:45_ET,PAPER-6D560148,,,,,1,2026-07-09T13:36:12.591425+00:00,2026-07-09T19:45:11.804342+00:00,,0
CRM,37a3b31d-5c05-440a-9bad-b152c4e412a5,CRM,ORBStrategy,ORB Short,B,0.682,short,put,0,165.0,,,,2026-07-10,11,0.91,0.865,0.865,,,1001.0,1001.0,0.6825,1.365,1.82,228.53,164.75,163.07999999999998,166.18,164.63,0.0,0.0,0.0,0.0,0,0,0,,,-49.50000000000004,-0.04945054945054949,BREAKOUT_VOLATILE,15.739999771118164,0,closed,orb_range_violation: 1m close 164.94 back inside range (above 164.63),PAPER-3794B9DC,,,,,1,2026-07-10T13:51:39.120688+00:00,2026-07-10T13:53:09.275470+00:00,,0
CRM,0ac8c8ba-ae85-4e62-b3bb-40e77e8ccaac,CRM,ORBStrategy,ORB Short,B,0.608,short,put,0,165.0,,,,2026-07-10,9,1.065,1.01,1.01,,,958.4999999999999,958.4999999999999,0.79875,1.5975,2.13,165.0399932861328,164.8699951171875,163.07999999999998,166.18,164.63,0.0,0.0,0.0,0.0,0,0,0,,,-49.49999999999994,-0.05164319248826286,RANGING,15.739999771118164,0,closed,orb_range_violation: 1m close 165.07 back inside range (above 164.63),PAPER-D2CE7544,,,,,1,2026-07-10T14:10:39.211625+00:00,2026-07-10T14:10:54.183920+00:00,,0
CRM,c0b5eacb-5740-4ebe-a191-4251f3baa330,CRM,ORBStrategy,ORB Short,B,0.599,short,put,0,165.0,,,,2026-07-10,11,0.89,0.99,0.99,,,979.0000000000001,979.0000000000001,1.0588329234689342,1.335,1.78,164.375,164.76390075683594,163.07999999999998,166.18,164.63,0.0,0.0,0.0,0.0,0,0,0,,,109.99999999999997,0.11235955056179772,RANGING,15.739999771118164,0,closed,hard_stop_25pct pnl=11.2%,PAPER-77ACFE9E,,,,,1,2026-07-10T14:25:09.167011+00:00,2026-07-10T14:30:54.207430+00:00,,0
CVX,28016202-2bec-45d9-a51c-33446dcba2ae,CVX,ORBStrategy,ORB Long,A,0.855,long,call,0,172.5,,,,2026-07-10,27,0.5800000000000001,1.08,1.08,,,1566.0000000000002,1566.0000000000002,0.8559999999999999,0.8700000000000001,1.1600000000000001,172.15499877929688,171.67999267578125,173.3728,171.7364,170.1,0.0,0.0,0.0,0.0,0,0,0,,,1350.0,0.8620689655172413,BREAKOUT_VOLATILE,15.880000114440918,0,closed,orb_trail_stop pnl=86.2%,PAPER-9ED258DA,,,,,1,2026-07-07T13:37:22.152541+00:00,2026-07-07T13:46:22.157611+00:00,,0
CVX,cdc1d5ed-e5b5-40fa-ba03-690631d5e80c,CVX,SweepReversal,Sweep Reversal Short (high sweep → put),B,0.595,short,put,0,167.5,,,,2026-07-10,21,0.49,0.495,0.495,,,1029.0,1029.0,0.3675,0.735,0.98,171.80999755859375,172.90272572326657,170.43000030517578,0.0,0.0,0.0,0.0,0.0,0.0,0,0,0,,,10.500000000000009,0.01020408163265307,SWEEP_REVERSAL,15.880000114440918,0,closed,theta_bleed pnl=1.0%,PAPER-C03CE13F,,,,,1,2026-07-07T13:53:22.091856+00:00,2026-07-07T14:19:37.058670+00:00,,0
CVX,2cb106d4-2660-4baa-91d0-822042f4dd01,CVX,SweepReversal,Sweep Reversal Short (high sweep → put),B,0.659,short,put,0,167.5,,,,2026-07-10,25,0.42,0.5499999999999999,0.5499999999999999,,,1050.0,1050.0,0.588,0.63,0.84,172.5800018310547,173.47330305480955,171.5,0.0,0.0,0.0,0.0,0.0,0.0,0,0,0,,,324.9999999999999,0.3095238095238094,SWEEP_REVERSAL,16.43000030517578,0,closed,stop_hit pnl=31.0%,PAPER-DD525136,,,,,1,2026-07-07T14:45:52.039622+00:00,2026-07-07T17:26:22.192237+00:00,,0
CVX,c340aa1d-9147-4324-8fad-30b2ed35d310,CVX,SweepReversal,Sweep Reversal Short (high sweep → put),B,0.539,short,put,0,175.0,,,,2026-07-10,14,0.745,0.76,0.76,,,1043.0,1043.0,0.55875,1.1175,1.49,177.3000030517578,178.7585818328857,175.3800048828125,0.0,0.0,0.0,0.0,0.0,0.0,0,0,0,,,21.000000000000018,0.020134228187919483,SWEEP_REVERSAL,18.25,0,closed,theta_bleed pnl=2.0%,PAPER-6AC9FAE7,,,,,1,2026-07-08T16:10:59.824921+00:00,2026-07-08T16:12:14.621292+00:00,,0
CVX,c34bf280-9601-4cd4-b2cc-f15a3f0b472c,CVX,SweepReversal,Sweep Reversal Short (high sweep → put),B,0.539,short,put,0,175.0,,,,2026-07-10,13,0.76,0.7749999999999999,0.7749999999999999,,,988.0000000000001,988.0000000000001,0.5700000000000001,1.1400000000000001,1.52,177.20249938964844,178.7585818328857,175.13624572753906,0.0,0.0,0.0,0.0,0.0,0.0,0,0,0,,,19.499999999999872,0.01973684210526303,SWEEP_REVERSAL,18.25,0,closed,theta_bleed pnl=2.0%,PAPER-C455F712,,,,,1,2026-07-08T16:12:29.743374+00:00,2026-07-08T16:13:44.658601+00:00,,0
CVX,53347f87-763d-490c-bf6f-cd2feb85ddc7,CVX,ORBStrategy,ORB Short,A,0.855,short,put,0,172.5,,,,2026-07-10,33,0.47,0.47,0.47,,,1551.0,1551.0,0.3525,0.705,0.94,174.15499877929688,174.4499969482422,173.17,175.59,174.38,0.0,0.0,0.0,0.0,0,0,0,,,0.0,0.0,BREAKOUT_VOLATILE,16.760000228881836,0,closed,orb_range_violation: 1m close 174.51 back inside range (above 174.38),PAPER-6DF3220F,,,,,1,2026-07-09T13:53:14.703065+00:00,2026-07-09T13:54:14.533446+00:00,,0
CVX,bdc413c2-12f5-4dc3-9de2-2f957f561b8f,CVX,ORBStrategy,ORB Long,A,0.855,long,call,0,175.0,,,,2026-07-10,24,0.655,0.845,0.845,,,1572.0,1572.0,0.49125,0.9825,1.31,175.67999267578125,175.22000122070312,175.91,175.26,174.61,0.0,0.0,0.0,0.0,0,0,0,,,455.9999999999999,0.2900763358778625,BREAKOUT_VOLATILE,15.739999771118164,0,closed,orb_trail_stop pnl=29.0%,PAPER-7D42E318,,,,,1,2026-07-10T13:36:15.103740+00:00,2026-07-10T13:47:45.287486+00:00,,0
CVX,5f2bf80f-8eeb-4c51-b84f-0cfddb94ab81,CVX,ORBStrategy,ORB Long,B,0.762,long,call,0,175.0,,,,2026-07-10,13,0.76,0.76,0.76,,,988.0000000000001,988.0000000000001,0.5700000000000001,1.1400000000000001,1.52,174.94500732421875,174.9499969482422,175.91,175.26,174.61,0.0,0.0,0.0,0.0,0,0,0,,,0.0,0.0,RANGING,15.739999771118164,0,closed,orb_range_violation: 1m close 174.89 back inside range (below 175.26),PAPER-C69CAA1D,,,,,1,2026-07-10T14:21:30.307663+00:00,2026-07-10T14:21:45.070448+00:00,,0
DIA,3d567d4d-b195-43f1-99d8-57b9303fe5d1,DIA,ORBStrategy,ORB Short,B,0.682,short,put,0,530.0,,,,2026-07-10,4,2.1449999999999996,2.145,2.145,,,857.9999999999998,857.9999999999998,1.6087499999999997,3.2174999999999994,4.289999999999999,530.72998046875,531.4099731445312,530.05,532.54,531.295,0.0,0.0,0.0,0.0,0,0,0,,,1.7763568394002505e-13,2.070345966666959e-16,BREAKOUT_VOLATILE,15.890000343322754,0,closed,theta_bleed pnl=0.0%,PAPER-709415FB,,,,,1,2026-07-07T13:40:16.052704+00:00,2026-07-07T14:09:36.051460+00:00,,0
DIA,17c71343-c5ba-4d51-9f71-0fd792bffb40,DIA,ORBStrategy,ORB Long,B,0.682,long,call,0,525.0,,,,2026-07-10,2,4.325,4.325,4.325,,,865.0,865.0,3.2437500000000004,6.487500000000001,8.65,524.2000122070312,523.9099731445312,525.31,523.93,522.55,0.0,0.0,0.0,0.0,0,0,0,,,0.0,0.0,BREAKOUT_VOLATILE,17.389999389648438,0,closed,orb_range_violation: 1m close 523.82 back inside range (below 523.93),PAPER-92E30379,,,,,1,2026-07-08T13:41:20.172879+00:00,2026-07-08T13:43:20.089704+00:00,,0
GLD,3b9c37d8-49c2-4533-a654-6a900c41d507,GLD,SweepReversal,Sweep Reversal Short (high sweep → put),B,0.567,short,put,0,377.0,,,,2026-07-08,24,0.425,0.43,0.43,,,1019.9999999999999,1019.9999999999999,0.31875,0.6375,0.85,382.0400085449219,383.983514465332,379.7001495361328,0.0,0.0,0.0,0.0,0.0,0.0,0,0,0,,,12.00000000000001,0.011764705882352951,SWEEP_REVERSAL,15.880000114440918,0,closed,theta_bleed pnl=1.2%,PAPER-1A39C724,,,,,1,2026-07-07T13:56:36.995036+00:00,2026-07-07T14:02:37.073701+00:00,,0
GLD,6d5bf15e-f5cd-42ac-adf7-1802973bc317,GLD,SweepReversal,Sweep Reversal Short (high sweep → put),B,0.569,short,put,0,376.0,,,,2026-07-08,30,0.35,0.355,0.355,,,1050.0,1050.0,0.26249999999999996,0.5249999999999999,0.7,381.125,383.983514465332,377.4126281738281,0.0,0.0,0.0,0.0,0.0,0.0,0,0,0,,,15.000000000000014,0.0142857142857143,SWEEP_REVERSAL,15.880000114440918,0,closed,theta_bleed pnl=1.4%,PAPER-B30828DA,,,,,1,2026-07-07T14:04:52.029246+00:00,2026-07-07T14:06:36.997994+00:00,,0
GLD,c91d6647-3b54-4215-8d41-0b92f84e169c,GLD,SweepReversal,Sweep Reversal Short (high sweep → put),B,0.544,short,put,0,377.0,,,,2026-07-08,21,0.49,0.495,0.495,,,1029.0,1029.0,0.3675,0.735,0.98,381.0,383.983514465332,377.1001281738281,0.0,0.0,0.0,0.0,0.0,0.0,0,0,0,,,10.500000000000009,0.01020408163265307,SWEEP_REVERSAL,15.880000114440918,0,closed,theta_bleed pnl=1.0%,PAPER-32556402,,,,,1,2026-07-07T14:08:22.023091+00:00,2026-07-07T14:08:37.286352+00:00,,0
GLD,081ed9eb-2f0f-4caf-b074-0c377c8c388a,GLD,SweepReversal,Sweep Reversal Short (high sweep → put),B,0.545,short,put,0,377.0,,,,2026-07-08,16,0.6499999999999999,0.6599999999999999,0.6599999999999999,,,1039.9999999999998,1039.9999999999998,0.48749999999999993,0.9749999999999999,1.2999999999999998,380.94000244140625,383.983514465332,376.95013427734375,0.0,0.0,0.0,0.0,0.0,0.0,0,0,0,,,16.000000000000014,0.015384615384615401,SWEEP_REVERSAL,15.880000114440918,0,closed,theta_bleed pnl=1.5%,PAPER-D42B06B7,,,,,1,2026-07-07T14:14:37.062383+00:00,2026-07-07T14:19:07.031852+00:00,,0
GLD,5dbbbe0d-c5d9-4578-b603-3cd556c8b900,GLD,SweepReversal,Sweep Reversal Long (low sweep → call),B,0.572,long,call,0,372.0,,,,2026-07-08,42,0.245,0.25,0.25,,,1029.0,1029.0,0.18375,0.3675,0.49,370.375,368.5810621948242,372.5124816894531,0.0,0.0,0.0,0.0,0.0,0.0,0,0,0,,,21.000000000000018,0.02040816326530614,SWEEP_REVERSAL,18.25,0,closed,theta_bleed pnl=2.0%,PAPER-9176B014,,,,,1,2026-07-08T15:53:11.621700+00:00,2026-07-08T15:53:26.304551+00:00,,0
GLD,66ea4255-18a2-41fa-8bb3-e3ef6888d2c5,GLD,SweepReversal,Sweep Reversal Long (low sweep → call),B,0.572,long,call,0,372.0,,,,2026-07-08,41,0.255,0.265,0.265,,,1045.5,1045.5,0.19125,0.3825,0.51,370.40008544921875,368.5810621948242,372.5751953125,0.0,0.0,0.0,0.0,0.0,0.0,0,0,0,,,41.000000000000036,0.03921568627450984,SWEEP_REVERSAL,18.25,0,closed,theta_bleed pnl=3.9%,PAPER-5C0BD315,,,,,1,2026-07-08T15:53:41.324196+00:00,2026-07-08T15:54:26.269854+00:00,,0
GOOGL,63b0f181-e324-48a9-8dc6-2b830a434eda,GOOGL,ORBStrategy,ORB Long,B,0.738,long,call,0,372.5,,,,2026-07-08,5,1.785,1.8399999999999999,1.8399999999999999,,,892.4999999999999,892.4999999999999,1.3387499999999999,2.6774999999999998,3.57,369.635009765625,369.1300048828125,371.99,369.26,366.53,0.0,0.0,0.0,0.0,0,0,0,,,27.499999999999968,0.030812324929971956,RANGING,15.880000114440918,0,closed,theta_bleed pnl=3.1%,PAPER-41F45971,,,,,1,2026-07-07T13:40:02.982338+00:00,2026-07-07T13:50:48.135166+00:00,,0
GOOGL,379df286-42ea-4efe-a8cf-33959853552f,GOOGL,SweepReversal,Sweep Reversal Short (high sweep → put),B,0.621,short,put,0,362.5,,,,2026-07-08,15,0.675,0.7150000000000001,0.7150000000000001,,,1012.5,1012.5,0.5062500000000001,1.0125000000000002,1.35,370.6700134277344,373.53316366577144,366.9350280761719,0.0,0.0,0.0,0.0,0.0,0.0,0,0,0,,,60.00000000000006,0.05925925925925931,SWEEP_REVERSAL,15.880000114440918,0,closed,theta_bleed pnl=5.9%,PAPER-DEF24932,,,,,1,2026-07-07T14:09:17.979325+00:00,2026-07-07T14:13:47.982086+00:00,,0
GOOGL,4a79ad54-3de4-4464-b9ae-432046b70d8c,GOOGL,SweepReversal,Sweep Reversal Short (high sweep → put),B,0.539,short,put,0,362.5,,,,2026-07-08,15,0.675,0.6799999999999999,0.6799999999999999,,,1012.5,1012.5,0.5062500000000001,1.0125000000000002,1.35,371.2699890136719,373.53316366577144,368.4349670410156,0.0,0.0,0.0,0.0,0.0,0.0,0,0,0,,,7.49999999999984,0.007407407407407249,SWEEP_REVERSAL,15.880000114440918,0,closed,theta_bleed pnl=0.7%,PAPER-A535702B,,,,,1,2026-07-07T14:16:18.098037+00:00,2026-07-07T14:18:03.095573+00:00,,0
GOOGL,9c134622-a9e0-401b-ab5b-8a4fca64087e,GOOGL,ORBStrategy,ORB Short,B,0.728,short,put,0,360.0,,,,2026-07-08,15,0.69,0.6599999999999999,0.6599999999999999,,,1035.0,1035.0,0.7320000000000001,1.035,1.38,363.0299987792969,363.1449890136719,358.84,367.72,363.28,0.0,0.0,0.0,0.0,0,0,0,,,-45.00000000000004,-0.04347826086956526,RANGING,17.389999389648438,0,closed,orb_range_violation: 1m close 363.37 back inside range (above 363.28),PAPER-7061003B,,,,,1,2026-07-08T13:54:03.246879+00:00,2026-07-08T13:56:03.317517+00:00,,0
GOOGL,586dec7b-71fa-4dde-a97c-7079d3e50b43,GOOGL,SweepReversal,Sweep Reversal Long (low sweep → call),B,0.55,long,call,0,365.0,,,,2026-07-08,24,0.435,0.45499999999999996,0.45499999999999996,,,1044.0,1044.0,0.32625,0.6525,0.87,362.0299987792969,360.33931219482423,364.0249786376953,0.0,0.0,0.0,0.0,0.0,0.0,0,0,0,,,47.99999999999991,0.04597701149425279,SWEEP_REVERSAL,17.5,0,closed,theta_bleed pnl=4.6%,PAPER-2D22F6B7,,,,,1,2026-07-08T14:49:18.326247+00:00,2026-07-08T14:50:03.284858+00:00,,0
GS,09ba3d7c-02c5-46ac-8c7c-d97ad57170f8,GS,SweepReversal,Sweep Reversal Long (low sweep → call),B,0.585,long,call,0,1050.0,,,,2026-07-10,2,4.005,4.025,4.025,,,801.0,801.0,3.00375,6.0075,8.01,1019.47998046875,1012.6413742675782,1028.2174072265625,0.0,0.0,0.0,0.0,0.0,0.0,0,0,0,,,4.000000000000092,0.004993757802746682,SWEEP_REVERSAL,17.5,0,closed,theta_bleed pnl=0.5%,PAPER-1C9ED744,,,,,1,2026-07-08T14:52:46.850533+00:00,2026-07-08T14:59:17.077306+00:00,,0
GS,5b58f3a9-c2c0-4210-b9ac-e388c8b71972,GS,SweepReversal,Sweep Reversal Long (low sweep → call),B,0.725,long,call,0,1060.0,,,,2026-07-10,4,2.4450000000000003,1.635,1.635,,,978.0000000000001,978.0000000000001,1.8337500000000002,3.6675000000000004,4.890000000000001,1021.8499755859375,1012.6413742675782,1034.1423950195312,0.0,0.0,0.0,0.0,0.0,0.0,0,0,0,,,-324.0000000000001,-0.3312883435582823,SWEEP_REVERSAL,17.5,0,closed,stop_hit pnl=-33.1%,PAPER-61D55205,,,,,1,2026-07-08T14:59:46.838716+00:00,2026-07-08T16:09:46.998304+00:00,,0
GS,08d815a4-bce2-4c37-ade7-86e6cc9f52e2,GS,SweepReversal,Sweep Reversal Long (low sweep → call),B,0.558,long,call,0,1045.0,,,,2026-07-10,2,3.6,3.6100000000000003,3.6100000000000003,,,720.0,720.0,2.7,5.4,7.2,1016.6799926757812,1010.9080629272461,1023.8200073242188,0.0,0.0,0.0,0.0,0.0,0.0,0,0,0,,,2.000000000000046,0.002777777777777842,SWEEP_REVERSAL,18.25,0,closed,theta_bleed pnl=0.3%,PAPER-19395C62,,,,,1,2026-07-08T16:10:01.953210+00:00,2026-07-08T16:45:01.991033+00:00,,0
IWM,f1c2be48-9107-4fc7-90ac-b0aff47e9754,IWM,ORBStrategy,ORB Short,B,0.555,short,put,0,298.0,,,,2026-07-07,20,0.505,0.51,0.51,,,1010.0,1010.0,0.37875000000000003,0.7575000000000001,1.01,298.8599853515625,299.0799865722656,298.008,299.972,298.99,0.0,0.0,0.0,0.0,0,0,0,,,10.000000000000009,0.00990099009900991,RANGING,15.890000343322754,0,closed,theta_bleed pnl=1.0%,PAPER-1F6035DA,,,,,1,2026-07-07T13:36:10.525984+00:00,2026-07-07T13:49:55.592585+00:00,,0
IWM,e7b423bc-6e4e-415e-bfb1-5f96d610cca6,IWM,IronCondorStrategy,Condor Leg 1: Call Credit Spread,B,,neutral,call,0,298.0,,,,2026-07-07,1,0.155,0.195,0.195,,,484.5,484.5,0.19375,,0.05,296.5,,,0.0,0.0,298.0,303.0,0.155,5.0,1,1,0,IWM   260707C00298000,IWM   260707C00303000,-4.000000000000001,0.2580645161290323,RANGING,0.0,0,closed,condor_stop pnl=-25.8%,PAPER,,,,IWM   260707C00298000,1,2026-07-07T15:15:31.730611+00:00,2026-07-07T15:20:46.793854+00:00,,0
IWM,4e15dc07-d231-473c-82c5-009550e5854d,IWM,IronCondorStrategy,Condor Leg 2: Put Credit Spread,B,,neutral,put,0,295.0,,,,2026-07-07,1,0.26,0.045,0.045,,,474.0,474.0,0.325,,0.05,296.5,,,0.0,0.0,295.0,290.0,0.26,5.0,1,2,0,IWM   260707P00295000,IWM   260707P00290000,21.500000000000004,-0.826923076923077,RANGING,0.0,0,closed,nickel_close pnl=82.7%,PAPER,,,,IWM   260707P00295000,1,2026-07-07T15:15:46.773048+00:00,2026-07-07T16:37:32.377651+00:00,,0
IWM,49fb1d3c-9118-4f4e-8673-0489f555cdd0,IWM,ORBStrategy,ORB Long,B,0.555,long,call,0,296.0,,,,2026-07-08,21,0.485,0.505,0.505,,,1018.5,1018.5,0.36375,0.7275,0.97,294.9800109863281,294.75,295.935,294.775,293.615,0.0,0.0,0.0,0.0,0,0,0,,,42.000000000000036,0.041237113402061897,RANGING,17.389999389648438,0,closed,theta_bleed pnl=4.1%,PAPER-C3CD309B,,,,,1,2026-07-08T13:59:15.537228+00:00,2026-07-08T13:59:30.210472+00:00,,0
IWM,eaa6965d-395f-445f-a22e-3be0b877d9cd,IWM,ORBStrategy,ORB Long,B,0.555,long,call,0,296.0,,,,2026-07-08,21,0.485,0.445,0.445,,,1018.5,1018.5,0.36375,0.7275,0.97,294.8699951171875,294.75,295.935,294.775,293.615,0.0,0.0,0.0,0.0,0,0,0,,,-83.99999999999996,-0.08247422680412367,RANGING,17.389999389648438,0,closed,orb_range_violation: 1m close 294.72 back inside range (below 294.77),PAPER-A3F35ABD,,,,,1,2026-07-08T13:59:45.271245+00:00,2026-07-08T14:00:15.189584+00:00,,0
IWM,3df734a0-891c-41f4-bc48-a50383da2a63,IWM,ORBStrategy,ORB Short,A,0.82,short,put,0,292.0,,,,2026-07-08,47,0.335,0.345,0.345,,,1574.5,1574.5,0.25125000000000003,0.5025000000000001,0.67,293.20001220703125,293.5400085449219,292.455,294.775,293.615,0.0,0.0,0.0,0.0,0,0,0,,,46.99999999999978,0.029850746268656577,RANGING,17.389999389648438,0,closed,theta_bleed pnl=3.0%,PAPER-ACC10586,,,,,1,2026-07-08T14:19:15.978199+00:00,2026-07-08T14:19:30.360150+00:00,,0
IWM,24134c7b-c082-4332-a9d6-205b6ab939e2,IWM,ORBStrategy,ORB Short,B,0.77,short,put,0,292.0,,,,2026-07-08,29,0.355,0.305,0.305,,,1029.5,1029.5,0.26625,0.5325,0.71,293.2550048828125,293.510009765625,292.455,294.775,293.615,0.0,0.0,0.0,0.0,0,0,0,,,-144.99999999999997,-0.1408450704225352,RANGING,17.389999389648438,0,closed,orb_range_violation: 1m close 294.06 back inside range (above 293.62),PAPER-352F6815,,,,,1,2026-07-08T14:19:45.299632+00:00,2026-07-08T14:22:15.175027+00:00,,0
IWM,108b5d1d-532f-4a6a-8823-d96f32198e5d,IWM,ORBStrategy,ORB Short,B,0.76,short,put,0,292.0,,,,2026-07-08,21,0.49,0.495,0.495,,,1029.0,1029.0,0.3675,0.735,0.98,293.0899963378906,293.6199951171875,292.455,294.775,293.615,0.0,0.0,0.0,0.0,0,0,0,,,10.500000000000009,0.01020408163265307,RANGING,17.5,0,closed,theta_bleed pnl=1.0%,PAPER-F830291F,,,,,1,2026-07-08T14:33:30.381117+00:00,2026-07-08T14:35:00.166850+00:00,,0
IWM,59ed4e7e-ca2f-4ecf-88af-c937181eca6d,IWM,ORBStrategy,ORB Short,B,0.76,short,put,0,292.0,,,,2026-07-08,32,0.325,0.335,0.335,,,1040.0,1040.0,0.24375000000000002,0.48750000000000004,0.65,293.010009765625,293.44000244140625,292.455,294.775,293.615,0.0,0.0,0.0,0.0,0,0,0,,,32.00000000000003,0.030769230769230795,RANGING,17.5,0,closed,theta_bleed pnl=3.1%,PAPER-BB77AFF3,,,,,1,2026-07-08T14:37:15.417862+00:00,2026-07-08T14:37:30.600772+00:00,,0
IWM,bd45188f-1fd9-4b6f-9995-8ebeca6380a5,IWM,IronCondorStrategy,Condor Leg 1: Call Credit Spread,B,,neutral,call,0,294.0,,,,2026-07-08,1,0.06500000000000002,0.045,0.045,,,493.49999999999994,493.49999999999994,0.08125000000000002,,0.05,292.0199890136719,,,0.0,0.0,294.0,299.0,0.06500000000000002,5.0,1,1,0,IWM   260708C00294000,IWM   260708C00299000,2.0000000000000018,-0.3076923076923079,RANGING,0.0,0,closed,nickel_close pnl=30.8%,PAPER,,,,IWM   260708C00294000,1,2026-07-08T16:11:00.422438+00:00,2026-07-08T16:12:00.288438+00:00,,0
IWM,1f482232-b701-45b2-bacf-bef535ba514d,IWM,IronCondorStrategy,Condor Leg 2: Put Credit Spread,B,,neutral,put,0,290.0,,,,2026-07-08,1,0.43999999999999995,0.045,0.045,,,456.00000000000006,456.00000000000006,0.5499999999999999,,0.05,292.0199890136719,,,0.0,0.0,290.0,285.0,0.43999999999999995,5.0,1,2,0,IWM   260708P00290000,IWM   260708P00285000,39.49999999999999,-0.8977272727272727,RANGING,0.0,0,closed,nickel_close pnl=89.8%,PAPER,,,,IWM   260708P00290000,1,2026-07-08T16:12:30.541748+00:00,2026-07-08T17:08:30.739974+00:00,,0
IWM,e7eb712e-9303-4e23-9413-4b8e2ad2ae14,IWM,ORBStrategy,ORB Long,A,0.855,long,call,0,296.0,,,,2026-07-09,50,0.31,0.31,0.31,,,1550.0,1550.0,0.23249999999999998,0.46499999999999997,0.62,295.6199951171875,295.5299987792969,296.47,295.73,294.99,0.0,0.0,0.0,0.0,0,0,0,,,0.0,0.0,BREAKOUT_VOLATILE,16.760000228881836,0,closed,orb_range_violation: 1m close 295.47 back inside range (below 295.73),PAPER-B0269C67,,,,,1,2026-07-09T13:36:14.125188+00:00,2026-07-09T13:37:14.862519+00:00,,0
IWM,17000a01-672f-4fb8-91f5-62114a9d8ce0,IWM,ORBStrategy,ORB Long,A,0.855,long,call,0,296.0,,,,2026-07-09,19,0.825,0.825,0.825,,,1567.5,1567.5,0.8280000000000002,1.2374999999999998,1.65,295.8900146484375,295.7900085449219,296.47,295.73,294.99,0.0,0.0,0.0,0.0,0,0,0,,,0.0,0.0,BREAKOUT_VOLATILE,16.760000228881836,0,closed,orb_trail_stop pnl=0.0%,PAPER-9346917D,,,,,1,2026-07-09T13:46:14.365118+00:00,2026-07-09T13:51:44.654041+00:00,,0
IWM,9818b76c-a621-4bdc-b848-1241820612ee,IWM,IronCondorStrategy,Condor Leg 1: Call Credit Spread,B,,neutral,call,0,298.0,,,,2026-07-09,1,0.135,0.175,0.175,,,486.5,486.5,0.16875,,0.05,296.9649963378906,,,0.0,0.0,298.0,303.0,0.135,5.0,1,1,0,IWM   260709C00298000,IWM   260709C00303000,-3.9999999999999982,0.2962962962962961,RANGING,0.0,0,closed,condor_stop pnl=-29.6%,PAPER,,,,IWM   260709C00298000,1,2026-07-09T15:55:44.126888+00:00,2026-07-09T15:56:29.017089+00:00,,0
IWM,96384393-20d1-4748-8931-72990809fcf5,IWM,IronCondorStrategy,Condor Leg 2: Put Credit Spread,B,,neutral,put,0,296.0,,,,2026-07-09,1,0.27,0.045,0.045,,,473.00000000000006,473.00000000000006,0.3375,,0.05,296.9649963378906,,,0.0,0.0,296.0,291.0,0.27,5.0,1,2,0,IWM   260709P00296000,IWM   260709P00291000,22.500000000000004,-0.8333333333333334,RANGING,0.0,0,closed,nickel_close pnl=83.3%,PAPER,,,,IWM   260709P00296000,1,2026-07-09T15:55:58.988152+00:00,2026-07-09T17:33:00.141333+00:00,,0
IWM,784601da-82fd-46f3-9ba3-d40d67a82e19,IWM,ButterflyStrategy,Debit Call Butterfly,B,0.643,neutral,call,1,298.0,293.0,298.0,303.0,2026-07-09,1,4.295,4.4399999999999995,4.4399999999999995,4.295,0.7050000000000001,429.5,429.5,3.22125,4.6475,4.436,297.6499938964844,0.0,298.0,0.0,0.0,0.0,0.0,0.0,0.0,0,0,0,,,14.499999999999957,0.03376018626309653,COMPRESSION,15.960000038146973,0,closed,target_hit pnl=3.4%,PAPER-BF-C127C53D,,,,,1,2026-07-09T17:35:14.845261+00:00,2026-07-09T18:25:14.235131+00:00,VIX 15–20: half size butterfly,0
IWM,910d2fdc-5caa-409c-97fa-214e798c9e27,IWM,ORBStrategy,ORB Short,B,0.682,short,put,0,295.0,,,,2026-07-10,30,0.35,0.135,0.135,,,1050.0,1050.0,0.26249999999999996,0.5249999999999999,0.7,296.44000244140625,296.4700012207031,294.69,298.21,296.45,0.0,0.0,0.0,0.0,0,0,0,,,-644.9999999999999,-0.6142857142857142,BREAKOUT_VOLATILE,15.739999771118164,0,closed,hard_stop_25pct pnl=-61.4%,PAPER-05E2A58A,,,,,1,2026-07-10T13:36:14.740564+00:00,2026-07-10T13:45:14.731765+00:00,,0
IWM,84277d94-ace8-43b0-82d8-4125940d8947,IWM,ORBStrategy,ORB Short,A,0.855,short,put,0,295.0,,,,2026-07-10,32,0.485,0.6,0.6,,,1552.0,1552.0,0.36375,0.7275,0.97,294.3699951171875,296.1400146484375,294.69,298.21,296.45,0.0,0.0,0.0,0.0,0,0,0,,,368.0,0.23711340206185566,BREAKOUT_VOLATILE,15.5600004196167,0,closed,orb_trail_stop pnl=23.7%,PAPER-492789D5,,,,,1,2026-07-10T14:33:29.886958+00:00,2026-07-10T14:34:14.938781+00:00,,0
IWM,826f9c34-01d2-4a46-afee-804edf03d9c9,IWM,IronCondorStrategy,Condor Leg 1: Put Credit Spread,B,,neutral,put,0,294.0,,,,2026-07-10,1,0.175,0.145,0.145,,,482.5,482.5,0.21875,,0.05,295.1400146484375,,,0.0,0.0,294.0,289.0,0.175,5.0,1,1,0,IWM   260710P00294000,IWM   260710P00289000,3.0,-0.17142857142857143,RANGING,0.0,0,closed,hard_close_15:45_ET,PAPER,,,,IWM   260710P00294000,1,2026-07-10T16:22:44.953031+00:00,2026-07-10T19:45:09.643753+00:00,,0
IWM,d5d91714-0ff2-4959-847e-19584375a270,IWM,IronCondorStrategy,Condor Leg 2: Call Credit Spread,B,,neutral,call,0,296.0,,,,2026-07-10,1,0.135,0.175,0.175,,,486.5,486.5,0.16875,,0.05,295.1400146484375,,,0.0,0.0,296.0,301.0,0.135,5.0,1,2,0,IWM   260710C00296000,IWM   260710C00301000,-3.9999999999999982,0.2962962962962961,RANGING,0.0,0,closed,condor_stop pnl=-29.6%,PAPER,,,,IWM   260710C00296000,1,2026-07-10T16:23:00.403182+00:00,2026-07-10T16:26:14.870040+00:00,,0
JPM,fc7b2690-6277-483f-81fa-4806665f0d8b,JPM,SweepReversal,Sweep Reversal Long (low sweep → call),B,0.575,long,call,0,340.0,,,,2026-07-10,12,0.875,0.895,0.895,,,1050.0,1050.0,0.65625,1.3125,1.75,335.4599914550781,333.2863751220703,338.21998596191406,0.0,0.0,0.0,0.0,0.0,0.0,0,0,0,,,24.00000000000002,0.022857142857142878,SWEEP_REVERSAL,17.389999389648438,0,closed,theta_bleed pnl=2.3%,PAPER-2A1CF5DF,,,,,1,2026-07-08T14:11:33.441331+00:00,2026-07-08T14:18:18.776440+00:00,,0
JPM,f98eea9e-e0d6-4de3-8e36-eae03b907c8a,JPM,ORBStrategy,ORB Short,A,0.82,short,put,0,330.0,,,,2026-07-10,14,1.085,1.0899999999999999,1.0899999999999999,,,1519.0,1519.0,0.81375,1.6275,2.17,333.54998779296875,333.885009765625,331.3,336.4,333.85,0.0,0.0,0.0,0.0,0,0,0,,,6.999999999999851,0.004608294930875478,RANGING,17.389999389648438,0,closed,theta_bleed pnl=0.5%,PAPER-79167E89,,,,,1,2026-07-08T14:19:18.465581+00:00,2026-07-08T14:19:33.610123+00:00,,0
JPM,cc3e5f94-95f8-4bd7-89db-192d288d4705,JPM,ORBStrategy,ORB Short,B,0.76,short,put,0,330.0,,,,2026-07-10,9,1.0899999999999999,0.9450000000000001,0.9450000000000001,,,980.9999999999999,980.9999999999999,0.8174999999999999,1.6349999999999998,2.1799999999999997,333.30499267578125,333.885009765625,331.3,336.4,333.85,0.0,0.0,0.0,0.0,0,0,0,,,-130.49999999999983,-0.13302752293577966,RANGING,17.389999389648438,0,closed,orb_range_violation: 1m close 334.10 back inside range (above 333.85),PAPER-A64B67FC,,,,,1,2026-07-08T14:20:03.368282+00:00,2026-07-08T14:23:18.562315+00:00,,0
JPM,6e962553-bd6b-4daf-b036-89a2d9b1208c,JPM,ORBStrategy,ORB Short,B,0.76,short,put,0,330.0,,,,2026-07-10,8,1.27,1.285,1.285,,,1016.0,1016.0,0.9525,1.905,2.54,332.69000244140625,334.010009765625,331.3,336.4,333.85,0.0,0.0,0.0,0.0,0,0,0,,,11.999999999999922,0.011811023622047168,RANGING,17.5,0,closed,theta_bleed pnl=1.2%,PAPER-185B2A33,,,,,1,2026-07-08T14:37:18.426189+00:00,2026-07-08T14:43:18.350828+00:00,,0
JPM,cc3c5379-f750-4a83-9b58-6dcc9130ba32,JPM,SweepReversal,Sweep Reversal Long (low sweep → call),B,0.557,long,call,0,340.0,,,,2026-07-10,21,0.485,0.49,0.49,,,1018.5,1018.5,0.36375,0.7275,0.97,332.9700012207031,331.33334353637696,334.927490234375,0.0,0.0,0.0,0.0,0.0,0.0,0,0,0,,,10.500000000000009,0.010309278350515474,SWEEP_REVERSAL,17.5,0,closed,theta_bleed pnl=1.0%,PAPER-51AF4299,,,,,1,2026-07-08T15:14:48.414456+00:00,2026-07-08T15:15:03.620602+00:00,,0
JPM,a67966a6-cb05-454b-ad12-c516e8cbd7f5,JPM,SweepReversal,Sweep Reversal Long (low sweep → call),B,0.567,long,call,0,340.0,,,,2026-07-10,21,0.485,0.49,0.49,,,1018.5,1018.5,0.36375,0.7275,0.97,333.1600036621094,331.33334353637696,335.4024963378906,0.0,0.0,0.0,0.0,0.0,0.0,0,0,0,,,10.500000000000009,0.010309278350515474,SWEEP_REVERSAL,17.5,0,closed,theta_bleed pnl=1.0%,PAPER-192B2B98,,,,,1,2026-07-08T15:15:18.727186+00:00,2026-07-08T15:23:48.552119+00:00,,0
JPM,e0c1add6-ae75-425d-a1cb-56d75a631c26,JPM,ORBStrategy,ORB Long,B,0.682,long,call,0,335.0,,,,2026-07-10,12,0.86,0.8899999999999999,0.8899999999999999,,,1032.0,1032.0,2.01875,1.29,1.72,333.1719970703125,332.6050109863281,334.04999999999995,332.65,331.25,0.0,0.0,0.0,0.0,0,0,0,,,35.9999999999999,0.03488372093023246,BREAKOUT_VOLATILE,16.760000228881836,0,closed,orb_trail_stop pnl=3.5%,PAPER-5798165A,,,,,1,2026-07-09T13:43:16.714249+00:00,2026-07-09T13:46:31.768589+00:00,,0
LLY,fff29f8c-318a-4b76-9193-4834c4848e69,LLY,SweepReversal,Sweep Reversal Short (high sweep → put),A,0.833,short,put,0,1155.0,,,,2026-07-10,6,2.28,2.32,2.32,,,1368.0,1368.0,1.71,3.42,4.56,1229.2099609375,1250.6994011230468,1198.8499755859375,0.0,0.0,0.0,0.0,0.0,0.0,0,0,0,,,24.00000000000002,0.017543859649122823,SWEEP_REVERSAL,15.890000343322754,0,closed,theta_bleed pnl=1.8%,PAPER-DD56A07A,,,,,1,2026-07-07T14:00:17.420229+00:00,2026-07-07T14:34:35.550942+00:00,,0
LLY,63709c88-6d1e-45ae-a5f8-ee60206924e6,LLY,ORBStrategy,ORB Long,B,0.555,long,call,0,1240.0,,,,2026-07-10,1,6.75,8.9,8.9,,,675.0,675.0,7.120000000000001,10.125,13.5,1221.70751953125,1221.0150146484375,1238.1998,1221.1799,1204.16,0.0,0.0,0.0,0.0,0,0,0,,,215.00000000000003,0.3185185185185186,RANGING,17.389999389648438,0,closed,orb_range_violation: 1m close 1221.14 back inside range (below 1221.18),PAPER-B388410D,,,,,1,2026-07-08T13:49:12.978327+00:00,2026-07-08T13:50:27.882152+00:00,,0
LLY,6e046a5a-6d31-4d3a-a1c7-4eda62f7f51e,LLY,ORBStrategy,ORB Long,B,0.555,long,call,0,1240.0,,,,2026-07-10,1,8.9,8.9,8.9,,,890.0,890.0,6.675000000000001,13.350000000000001,17.8,1220.9100341796875,1221.2225341796875,1238.1998,1221.1799,1204.16,0.0,0.0,0.0,0.0,0,0,0,,,0.0,0.0,RANGING,17.389999389648438,0,closed,orb_range_violation: 1m close 1220.00 back inside range (below 1221.18),PAPER-C3D053F2,,,,,1,2026-07-08T13:53:27.828279+00:00,2026-07-08T13:54:12.833358+00:00,,0
LLY,b08cc648-743a-4736-a689-d2202c9f2445,LLY,ORBStrategy,ORB Long,B,0.632,long,call,0,1240.0,,,,2026-07-10,1,6.1499999999999995,6.1499999999999995,6.1499999999999995,,,615.0,615.0,4.6125,9.225,12.299999999999999,1212.5,1226.010009765625,1241.9798,1226.0449,1210.11,0.0,0.0,0.0,0.0,0,0,0,,,0.0,0.0,BREAKOUT_VOLATILE,16.760000228881836,0,closed,orb_range_violation: 1m close 1212.29 back inside range (below 1226.04),PAPER-172FCB4D,,,,,1,2026-07-09T13:59:50.226567+00:00,2026-07-09T14:00:05.371411+00:00,,0
META,a13cf419-1c24-4f05-84b9-26af10a89b18,META,ORBStrategy,ORB Long,B,0.76,long,call,0,620.0,,,,2026-07-08,2,3.825,3.875,3.875,,,765.0,765.0,2.8687500000000004,5.737500000000001,7.65,615.3900146484375,611.7050170898438,620.209,612.1795,604.15,0.0,0.0,0.0,0.0,0,0,0,,,9.999999999999964,0.013071895424836555,RANGING,15.890000343322754,0,closed,theta_bleed pnl=1.3%,PAPER-E930F54B,,,,,1,2026-07-07T14:19:05.821299+00:00,2026-07-07T14:19:20.911550+00:00,,0
MSFT,0c5df8af-0808-4d46-bbb2-c986c6e79482,MSFT,SweepReversal,Sweep Reversal Short (high sweep → put),B,0.564,short,put,0,385.0,,,,2026-07-08,10,1.025,1.05,1.05,,,1025.0,1025.0,0.7687499999999999,1.5374999999999999,2.05,392.8299865722656,395.96557733154293,388.71995544433594,0.0,0.0,0.0,0.0,0.0,0.0,0,0,0,,,25.000000000000135,0.024390243902439157,SWEEP_REVERSAL,16.43000030517578,0,closed,theta_bleed pnl=2.4%,PAPER-3A14E9BB,,,,,1,2026-07-07T14:37:22.122652+00:00,2026-07-07T14:38:52.231612+00:00,,0
MSFT,2d27a4dc-e42b-4aa6-a72d-e3eb1d251955,MSFT,SweepReversal,Sweep Reversal Short (high sweep → put),B,0.643,short,put,0,382.5,,,,2026-07-08,14,0.725,0.745,0.745,,,1015.0,1015.0,0.54375,1.0875,1.45,391.5950012207031,395.96557733154293,385.6324920654297,0.0,0.0,0.0,0.0,0.0,0.0,0,0,0,,,28.000000000000025,0.027586206896551748,SWEEP_REVERSAL,16.43000030517578,0,closed,theta_bleed pnl=2.8%,PAPER-35857E8C,,,,,1,2026-07-07T14:53:52.272843+00:00,2026-07-07T14:54:07.052360+00:00,,0
MSFT,5eea00b1-10e6-43fb-af9d-8754ea8f9fbc,MSFT,ORBStrategy,ORB Long,B,0.682,long,call,0,385.0,,,,2026-07-08,2,5.074999999999999,5.074999999999999,5.074999999999999,,,1014.9999999999999,1014.9999999999999,3.8062499999999995,7.612499999999999,10.149999999999999,384.5899963378906,383.9849853515625,387.5,384.59,381.68,0.0,0.0,0.0,0.0,0,0,0,,,0.0,0.0,BREAKOUT_VOLATILE,17.389999389648438,0,closed,orb_range_violation: 1m close 384.40 back inside range (below 384.59),PAPER-973D2A9C,,,,,1,2026-07-08T13:44:13.870971+00:00,2026-07-08T13:44:28.947354+00:00,,0
MSFT,5e3a786d-4048-486f-bb83-5f477133367f,MSFT,ORBStrategy,ORB Short,B,0.675,short,put,0,380.0,,,,2026-07-08,17,0.615,0.61,0.61,,,1045.5,1045.5,0.46125,0.9225,1.23,381.9849853515625,381.8800048828125,378.77,384.59,381.68,0.0,0.0,0.0,0.0,0,0,0,,,-8.500000000000007,-0.008130081300813016,RANGING,17.389999389648438,0,closed,orb_range_violation: 1m close 382.05 back inside range (above 381.68),PAPER-08ED195F,,,,,1,2026-07-08T14:18:44.089599+00:00,2026-07-08T14:18:58.910913+00:00, | 1 unnamed liq cluster(s) in path — grade reduced,0
MSFT,d7a7850e-98be-4c48-9536-54e3d5eca43f,MSFT,SweepReversal,Sweep Reversal Long (low sweep → call),B,0.616,long,call,0,387.5,,,,2026-07-08,32,0.325,0.39,0.39,,,1040.0,1040.0,0.34,0.48750000000000004,0.65,382.760009765625,380.94865658569336,384.90504455566406,0.0,0.0,0.0,0.0,0.0,0.0,0,0,0,,,208.0,0.2,SWEEP_REVERSAL,17.5,0,closed,bos_exit pnl=20.0%,PAPER-127ECB56,,,,,1,2026-07-08T14:34:29.159739+00:00,2026-07-08T14:36:13.934857+00:00,,0
MSFT,5145125b-2ee4-4303-9c48-0148c6fbe780,MSFT,SweepReversal,Sweep Reversal Long (low sweep → call),B,0.537,long,call,0,387.5,,,,2026-07-08,36,0.29000000000000004,0.3,0.3,,,1044.0000000000002,1044.0000000000002,0.21750000000000003,0.43500000000000005,0.5800000000000001,383.2149963378906,380.94865658569336,386.0425109863281,0.0,0.0,0.0,0.0,0.0,0.0,0,0,0,,,35.99999999999983,0.03448275862068949,SWEEP_REVERSAL,17.5,0,closed,theta_bleed pnl=3.4%,PAPER-3FEA583B,,,,,1,2026-07-08T14:47:59.093579+00:00,2026-07-08T14:49:28.988636+00:00,,0
MSFT,ca045206-1c84-4fa4-a109-31c2353aac88,MSFT,ORBStrategy,ORB Long,B,0.682,long,call,0,380.0,,,,2026-07-10,1,5.95,2.9400000000000004,2.9400000000000004,,,595.0,595.0,4.4625,8.925,11.9,376.6499938964844,376.07501220703125,378.55,375.95,373.35,0.0,0.0,0.0,0.0,0,0,0,,,-301.0,-0.5058823529411764,BREAKOUT_VOLATILE,16.760000228881836,0,closed,orb_range_violation: 1m close 375.86 back inside range (below 375.95),PAPER-A05A27EB,,,,,1,2026-07-09T13:37:09.675600+00:00,2026-07-09T14:16:09.518942+00:00,,0
MSFT,25fb4c36-7cc2-4fa8-b3b9-b94889e48195,MSFT,ORBStrategy,ORB Long,A,0.915,long,call,0,395.0,,,,2026-07-10,32,0.485,0.485,0.485,,,1552.0,1552.0,0.36375,0.7275,0.97,390.760009765625,389.8041076660156,393.865,390.11,386.355,0.0,0.0,0.0,0.0,0,0,0,,,0.0,0.0,BREAKOUT_VOLATILE,15.739999771118164,0,closed,orb_range_violation: 1m close 390.00 back inside range (below 390.11),PAPER-2A56D9E3,,,,,1,2026-07-10T13:37:02.884730+00:00,2026-07-10T13:40:17.993673+00:00,,0
MU,c4b34668-4bdf-4897-b8c9-addd2ead414a,MU,SweepReversal,Sweep Reversal Long (low sweep → call),B,0.658,long,call,0,1060.0,,,,2026-07-10,1,7.05,5.25,5.25,,,705.0,705.0,5.2875,10.575,14.1,922.0449829101562,911.6873756103515,936.2124938964844,0.0,0.0,0.0,0.0,0.0,0.0,0,0,0,,,-179.99999999999997,-0.2553191489361702,SWEEP_REVERSAL,15.890000343322754,0,closed,stop_hit pnl=-25.5%,PAPER-FE85A9BF,,,,,1,2026-07-07T14:01:02.242289+00:00,2026-07-07T14:29:32.184678+00:00,,0
MU,ed7f7bef-faa4-4a90-b4f9-e79b5cfa9352,MU,SweepReversal,Sweep Reversal Long (low sweep → call),B,0.709,long,call,0,1037.5,,,,2026-07-10,1,7.225,7.25,7.25,,,722.5,722.5,5.418749999999999,10.837499999999999,14.45,908.4099731445312,898.3807492675782,922.1048889160156,0.0,0.0,0.0,0.0,0.0,0.0,0,0,0,,,2.5000000000000355,0.003460207612456797,SWEEP_REVERSAL,16.360000610351562,0,closed,theta_bleed pnl=0.3%,PAPER-2E591FB1,,,,,1,2026-07-07T14:30:47.594445+00:00,2026-07-07T14:31:02.033333+00:00,,0
MU,aaa47ba0-8b1e-4864-aecd-f38b84370657,MU,SweepReversal,Sweep Reversal Long (low sweep → call),B,0.698,long,call,0,1027.5,,,,2026-07-10,1,7.775,7.85,7.85,,,777.5,777.5,5.831250000000001,11.662500000000001,15.55,900.77001953125,890.7683131713867,914.4350891113281,0.0,0.0,0.0,0.0,0.0,0.0,0,0,0,,,7.499999999999929,0.009646302250803767,SWEEP_REVERSAL,16.360000610351562,0,closed,theta_bleed pnl=1.0%,PAPER-E68D0BF8,,,,,1,2026-07-07T14:46:17.271271+00:00,2026-07-07T15:06:17.170412+00:00,,0
NFLX,208e9085-27c3-47a7-afb8-e95a255239d9,NFLX,ORBStrategy,ORB Short,B,0.682,short,put,0,76.0,,,,2026-07-10,9,1.145,1.145,1.145,,,1030.5,1030.5,0.85875,1.7175,2.29,76.98500061035156,76.94999694824219,75.70999908447266,78.18,76.97,0.0,0.0,0.0,0.0,0,0,0,,,0.0,0.0,BREAKOUT_VOLATILE,15.890000343322754,0,closed,orb_range_violation: 1m close 77.08 back inside range (above 76.97),PAPER-CB89B06F,,,,,1,2026-07-07T13:39:03.445643+00:00,2026-07-07T13:40:17.735662+00:00, | Target adjusted to 75.71 (named level PDL just beyond TP),0
NFLX,cd7d1599-4d57-4c2e-a9ac-da539ade66f2,NFLX,ORBStrategy,ORB Short,B,0.682,short,put,0,76.0,,,,2026-07-10,14,0.705,0.86,0.86,,,986.9999999999999,986.9999999999999,0.5287499999999999,1.0574999999999999,1.41,76.87000274658203,76.95500183105469,75.70999908447266,78.18,76.97,0.0,0.0,0.0,0.0,0,0,0,,,217.00000000000003,0.21985815602836883,BREAKOUT_VOLATILE,15.890000343322754,0,closed,orb_trail_stop pnl=22.0%,PAPER-14C4BF33,,,,,1,2026-07-07T13:50:02.737081+00:00,2026-07-07T13:52:47.906735+00:00, | Target adjusted to 75.71 (named level PDL just beyond TP),0
NFLX,23d2b437-2fa0-4f61-8734-c5612c77ebe1,NFLX,ORBStrategy,ORB Short,A,0.915,short,put,0,74.0,,,,2026-07-10,49,0.32,0.32,0.32,,,1568.0,1568.0,0.24,0.48,0.64,75.21499633789062,75.31999969482422,73.92179999999999,76.62,75.2709,0.0,0.0,0.0,0.0,0,0,0,,,0.0,0.0,BREAKOUT_VOLATILE,17.389999389648438,0,closed,orb_range_violation: 1m close 75.36 back inside range (above 75.27),PAPER-828CF959,,,,,1,2026-07-08T13:36:12.638624+00:00,2026-07-08T13:37:12.567122+00:00,,0
NFLX,dc1763b3-6679-4fec-90a4-d46d3c66b090,NFLX,ORBStrategy,ORB Short,A,0.855,short,put,0,74.0,,,,2026-07-10,37,0.41500000000000004,0.47,0.47,,,1535.5,1535.5,0.31125,0.6225,0.8300000000000001,75.01000213623047,75.29000091552734,73.92179999999999,76.62,75.2709,0.0,0.0,0.0,0.0,0,0,0,,,203.49999999999974,0.13253012048192755,BREAKOUT_VOLATILE,17.389999389648438,0,closed,orb_range_violation: 1m close 75.32 back inside range (above 75.27),PAPER-09B3B380,,,,,1,2026-07-08T13:47:12.768544+00:00,2026-07-08T13:50:13.641761+00:00,,0
NFLX,f2d184f9-89ec-46e8-a3c2-7f36ef17c5da,NFLX,SweepReversal,Sweep Reversal Long (low sweep → call),B,0.638,long,call,0,78.0,,,,2026-07-10,46,0.225,0.23,0.23,,,1035.0,1035.0,0.16875,0.3375,0.45,75.45999908447266,74.81510939025878,76.31499862670898,0.0,0.0,0.0,0.0,0.0,0.0,0,0,0,,,23.00000000000002,0.02222222222222224,SWEEP_REVERSAL,17.389999389648438,0,closed,theta_bleed pnl=2.2%,PAPER-EECBB0C4,,,,,1,2026-07-08T14:12:57.565303+00:00,2026-07-08T14:44:13.656058+00:00,,0
NFLX,63053e15-2edf-4b06-967e-2239c36c9aef,NFLX,ORBStrategy,ORB Long,B,0.682,long,call,0,75.0,,,,2026-07-10,8,1.225,0.8300000000000001,0.8300000000000001,,,980.0000000000001,980.0000000000001,0.9187500000000001,1.8375000000000001,2.45,74.7249984741211,74.61009979248047,75.2,74.61,74.02,0.0,0.0,0.0,0.0,0,0,0,,,-316.0,-0.3224489795918367,BREAKOUT_VOLATILE,16.760000228881836,0,closed,orb_range_violation: 1m close 74.57 back inside range (below 74.61),PAPER-77267976,,,,,1,2026-07-09T13:37:15.457196+00:00,2026-07-09T14:38:14.380743+00:00,,0
NFLX,50950407-866a-4f11-a23c-91f94a055bc7,NFLX,ORBStrategy,ORB Short,A,0.855,short,put,0,73.0,,,,2026-07-10,242,0.065,0.105,0.105,,,1573.0,1573.0,0.08125,0.0975,0.13,73.61000061035156,74.22000122070312,72.60140000000001,75.6986,74.15,0.0,0.0,0.0,0.0,0,0,0,,,967.9999999999998,0.6153846153846153,BREAKOUT_VOLATILE,15.739999771118164,0,closed,orb_trail_stop pnl=61.5%,PAPER-85CA9BFF,,,,,1,2026-07-10T13:43:17.742769+00:00,2026-07-10T13:45:17.978629+00:00,,0
NVDA,39527d1e-42e9-40fa-bfde-8363039ee64f,NVDA,SweepReversal,Sweep Reversal Short (high sweep → put),B,0.704,short,put,0,190.0,,,,2026-07-08,53,0.195,0.14500000000000002,0.14500000000000002,,,1033.5,1033.5,0.14625,0.2925,0.39,196.8800048828125,198.31811511230467,195.02001953125,0.0,0.0,0.0,0.0,0.0,0.0,0,0,0,,,-264.99999999999994,-0.25641025641025633,SWEEP_REVERSAL,15.899999618530273,0,closed,stop_hit pnl=-25.6%,PAPER-10703A17,,,,,1,2026-07-07T16:40:58.539763+00:00,2026-07-07T17:16:28.615556+00:00,,0
NVDA,3a77b91d-4d9b-4945-9e1e-3576174f1b99,NVDA,SweepReversal,Sweep Reversal Short (high sweep → put),B,0.579,short,put,0,192.5,,,,2026-07-08,32,0.325,0.335,0.335,,,1040.0,1040.0,0.24375000000000002,0.48750000000000004,0.65,197.50379943847656,198.60841366577145,196.14449310302734,0.0,0.0,0.0,0.0,0.0,0.0,0,0,0,,,32.00000000000003,0.030769230769230795,SWEEP_REVERSAL,15.899999618530273,0,closed,theta_bleed pnl=3.1%,PAPER-3ED9AE24,,,,,1,2026-07-07T17:27:43.594126+00:00,2026-07-07T17:27:58.793446+00:00,,0
NVDA,bd7b58ae-51f9-4f83-8a67-c1e59a8d2b11,NVDA,SweepReversal,Sweep Reversal Short (high sweep → put),B,0.579,short,put,0,192.5,,,,2026-07-08,31,0.335,0.345,0.345,,,1038.5,1038.5,0.25125000000000003,0.5025000000000001,0.67,197.44940185546875,198.60841366577145,196.0084991455078,0.0,0.0,0.0,0.0,0.0,0.0,0,0,0,,,30.999999999999854,0.029850746268656577,SWEEP_REVERSAL,15.899999618530273,0,closed,theta_bleed pnl=3.0%,PAPER-6F86E1E4,,,,,1,2026-07-07T17:28:28.645206+00:00,2026-07-07T17:29:28.713428+00:00,,0
NVDA,26e64780-4cb9-4f92-b7a5-d827b14a28a2,NVDA,SweepReversal,Sweep Reversal Short (high sweep → put),B,0.584,short,put,0,192.5,,,,2026-07-08,30,0.345,0.355,0.355,,,1035.0,1035.0,0.25875,0.5175,0.69,197.42999267578125,198.60841366577145,195.95997619628906,0.0,0.0,0.0,0.0,0.0,0.0,0,0,0,,,30.00000000000003,0.02898550724637684,SWEEP_REVERSAL,15.899999618530273,0,closed,theta_bleed pnl=2.9%,PAPER-F3FBDFF2,,,,,1,2026-07-07T17:29:58.577288+00:00,2026-07-07T17:34:13.592169+00:00,,0
NVDA,519d1a12-e5e7-4640-ad9d-47ae75218cf3,NVDA,SweepReversal,Sweep Reversal Short (high sweep → put),B,0.618,short,put,0,195.0,,,,2026-07-08,26,0.395,0.41000000000000003,0.41000000000000003,,,1027.0,1027.0,0.29625,0.5925,0.79,197.1999969482422,198.6684712219238,195.29499053955078,0.0,0.0,0.0,0.0,0.0,0.0,0,0,0,,,39.000000000000036,0.037974683544303826,SWEEP_REVERSAL,17.389999389648438,0,closed,theta_bleed pnl=3.8%,PAPER-EA7DAC83,,,,,1,2026-07-08T13:56:28.613992+00:00,2026-07-08T13:56:58.675449+00:00,,0
NVDA,d3479df1-6ef7-45c0-a7a9-f143a9643e7e,NVDA,SweepReversal,Sweep Reversal Short (high sweep → put),B,0.529,short,put,0,197.5,,,,2026-07-08,11,0.9,0.915,0.915,,,990.0,990.0,0.675,1.35,1.8,197.3249969482422,198.6684712219238,195.60749053955078,0.0,0.0,0.0,0.0,0.0,0.0,0,0,0,,,16.500000000000014,0.01666666666666668,SWEEP_REVERSAL,17.389999389648438,0,closed,theta_bleed pnl=1.7%,PAPER-1914650F,,,,,1,2026-07-08T14:02:58.901800+00:00,2026-07-08T14:04:13.577007+00:00,,0
NVDA,12a66807-6d71-4469-b25e-2a05b4d98a64,NVDA,SweepReversal,Sweep Reversal Short (high sweep → put),B,0.542,short,put,0,195.0,,,,2026-07-08,25,0.415,0.425,0.425,,,1037.5,1037.5,0.31124999999999997,0.6224999999999999,0.83,197.0601043701172,198.6684712219238,194.94525909423828,0.0,0.0,0.0,0.0,0.0,0.0,0,0,0,,,25.00000000000002,0.024096385542168697,SWEEP_REVERSAL,17.389999389648438,0,closed,theta_bleed pnl=2.4%,PAPER-F31E2641,,,,,1,2026-07-08T14:11:14.742554+00:00,2026-07-08T14:11:28.620407+00:00,,0
NVDA,d049bbf4-577c-457e-82ec-1b7a02792a46,NVDA,SweepReversal,Sweep Reversal Short (high sweep → put),B,0.542,short,put,0,195.0,,,,2026-07-08,25,0.405,0.545,0.545,,,1012.5,1012.5,0.30375,0.6075,0.81,196.87100219726562,198.6684712219238,194.47250366210938,0.0,0.0,0.0,0.0,0.0,0.0,0,0,0,,,350.00000000000006,0.34567901234567905,SWEEP_REVERSAL,17.389999389648438,0,closed,trail_stop_hit pnl=34.6%,PAPER-8FB5E194,,,,,1,2026-07-08T14:11:43.659808+00:00,2026-07-08T14:27:28.637595+00:00,,0
NVDA,6b696c00-476e-4b4e-8dab-39ea289ecb77,NVDA,SweepReversal,Sweep Reversal Short (high sweep → put),B,0.609,short,put,0,197.5,,,,2026-07-08,51,0.20500000000000002,0.275,0.275,,,1045.5,1045.5,0.15375,0.3075,0.41000000000000003,199.22999572753906,200.30010610961912,197.92498016357422,0.0,0.0,0.0,0.0,0.0,0.0,0,0,0,,,357.0,0.34146341463414637,SWEEP_REVERSAL,17.790000915527344,0,closed,trail_stop_hit pnl=34.1%,PAPER-8ACF9814,,,,,1,2026-07-08T16:36:58.767452+00:00,2026-07-08T16:39:58.719871+00:00,,0
NVDA,05301a0b-49ed-45a4-9312-e075fef38dde,NVDA,SweepReversal,Sweep Reversal Short (high sweep → put),B,0.637,short,put,0,200.0,,,,2026-07-08,84,0.125,0.08499999999999999,0.08499999999999999,,,1050.0,1050.0,0.09375,0.1875,0.25,202.1699981689453,203.91371672058102,199.8599853515625,0.0,0.0,0.0,0.0,0.0,0.0,0,0,0,,,-336.00000000000006,-0.32000000000000006,SWEEP_REVERSAL,16.899999618530273,0,closed,stop_hit pnl=-32.0%,PAPER-B81CB000,,,,,1,2026-07-08T17:48:13.779657+00:00,2026-07-08T17:50:58.799601+00:00,,0
NVDA,476907dd-6a77-49f2-8fa3-6567b99241d4,NVDA,SweepReversal,Sweep Reversal Short (high sweep → put),B,0.677,short,put,0,200.0,,,,2026-07-08,110,0.095,0.11499999999999999,0.11499999999999999,,,1045.0,1045.0,0.07125000000000001,0.14250000000000002,0.19,202.02000427246094,203.91371672058102,199.48500061035156,0.0,0.0,0.0,0.0,0.0,0.0,0,0,0,,,219.9999999999999,0.2105263157894736,SWEEP_REVERSAL,16.899999618530273,0,closed,trail_stop_hit pnl=21.1%,PAPER-F75FFFA5,,,,,1,2026-07-08T17:56:43.897697+00:00,2026-07-08T17:57:28.875266+00:00,,0
NVDA,c18489cf-c56a-407c-854f-83a9f28c4b0a,NVDA,ORBStrategy,ORB Long,A,0.855,long,call,0,207.5,,,,2026-07-10,52,0.3,0.3,0.3,,,1560.0,1560.0,0.22499999999999998,0.44999999999999996,0.6,204.84060668945312,204.11000061035156,206.88,204.4,201.92,0.0,0.0,0.0,0.0,0,0,0,,,0.0,0.0,BREAKOUT_VOLATILE,15.739999771118164,0,closed,orb_range_violation: 1m close 204.40 back inside range (below 204.40),PAPER-45617230,,,,,1,2026-07-10T13:37:14.917083+00:00,2026-07-10T13:38:14.524401+00:00,,0
NVDA,39ddc2bb-5b3d-4ed6-89b8-a4563ec8ca1e,NVDA,ORBStrategy,ORB Long,A,0.855,long,call,0,207.5,,,,2026-07-10,52,0.3,0.155,0.155,,,1560.0,1560.0,0.22499999999999998,0.44999999999999996,0.6,204.82000732421875,203.98500061035156,206.88,204.4,201.92,0.0,0.0,0.0,0.0,0,0,0,,,-753.9999999999999,-0.48333333333333334,BREAKOUT_VOLATILE,15.739999771118164,0,closed,hard_stop_25pct pnl=-48.3%,PAPER-8D88373A,,,,,1,2026-07-10T13:44:14.667925+00:00,2026-07-10T13:45:14.652074+00:00,,0
NVDA,2d02ee8b-1c51-40ab-971b-a19880cbaf57,NVDA,ORBStrategy,ORB Long,A,0.855,long,call,0,207.5,,,,2026-07-10,80,0.195,0.33999999999999997,0.33999999999999997,,,1560.0000000000002,1560.0000000000002,0.37825,0.2925,0.39,204.88999938964844,204.6199951171875,206.88,204.4,201.92,0.0,0.0,0.0,0.0,0,0,0,,,1159.9999999999998,0.7435897435897434,BREAKOUT_VOLATILE,15.739999771118164,0,closed,hard_stop_25pct pnl=74.4%,PAPER-61D89FB4,,,,,1,2026-07-10T13:46:29.495301+00:00,2026-07-10T13:48:14.626921+00:00,,0
ORCL,83ceee23-43d5-42f3-918e-6957a9c57932,ORCL,SweepReversal,Sweep Reversal Long (low sweep → call),B,0.641,long,call,0,149.0,,,,2026-07-10,17,0.595,0.6,0.6,,,1011.5,1011.5,0.44625,0.8925,1.19,138.46499633789062,137.41245304870606,139.83748626708984,0.0,0.0,0.0,0.0,0.0,0.0,0,0,0,,,8.500000000000007,0.008403361344537823,SWEEP_REVERSAL,16.43000030517578,0,closed,theta_bleed pnl=0.8%,PAPER-24F9493E,,,,,1,2026-07-07T14:47:50.323388+00:00,2026-07-07T14:48:05.257854+00:00,,0
ORCL,8a032c69-121c-415e-b48c-1e36b6ef6aed,ORCL,SweepReversal,Sweep Reversal Long (low sweep → call),B,0.597,long,call,0,148.0,,,,2026-07-10,14,0.735,0.74,0.74,,,1029.0,1029.0,0.55125,1.1025,1.47,138.52000427246094,137.41245304870606,139.97500610351562,0.0,0.0,0.0,0.0,0.0,0.0,0,0,0,,,7.000000000000006,0.00680272108843538,SWEEP_REVERSAL,16.43000030517578,0,closed,theta_bleed pnl=0.7%,PAPER-F52D6D80,,,,,1,2026-07-07T14:50:05.357517+00:00,2026-07-07T14:51:05.249818+00:00,,0
ORCL,a9045090-0bb6-4f90-819b-097296932d6c,ORCL,SweepReversal,Sweep Reversal Long (low sweep → call),B,0.654,long,call,0,148.0,,,,2026-07-10,14,0.725,0.735,0.735,,,1015.0,1015.0,0.54375,1.0875,1.45,138.80999755859375,137.41245304870606,140.69998931884766,0.0,0.0,0.0,0.0,0.0,0.0,0,0,0,,,14.000000000000012,0.013793103448275874,SWEEP_REVERSAL,16.43000030517578,0,closed,theta_bleed pnl=1.4%,PAPER-72EAEE7A,,,,,1,2026-07-07T14:51:35.426251+00:00,2026-07-07T14:51:50.234379+00:00,,0
ORCL,19f9e7ce-4ab8-421a-94b2-8ff08b675546,ORCL,SweepReversal,Sweep Reversal Long (low sweep → call),B,0.676,long,call,0,148.0,,,,2026-07-10,16,0.635,0.645,0.645,,,1016.0,1016.0,0.47625,0.9525,1.27,138.6999969482422,137.41245304870606,140.42498779296875,0.0,0.0,0.0,0.0,0.0,0.0,0,0,0,,,16.000000000000014,0.015748031496063006,SWEEP_REVERSAL,16.43000030517578,0,closed,theta_bleed pnl=1.6%,PAPER-8B01B2DC,,,,,1,2026-07-07T14:58:20.433962+00:00,2026-07-07T14:58:35.273956+00:00,,0
ORCL,b3d49259-bcea-4fa2-91c4-8658144e61f2,ORCL,SweepReversal,Sweep Reversal Long (low sweep → call),B,0.676,long,call,0,148.0,,,,2026-07-10,16,0.645,0.655,0.655,,,1032.0,1032.0,0.48375,0.9675,1.29,138.77000427246094,137.41245304870606,140.60000610351562,0.0,0.0,0.0,0.0,0.0,0.0,0,0,0,,,16.000000000000014,0.015503875968992262,SWEEP_REVERSAL,16.43000030517578,0,closed,theta_bleed pnl=1.6%,PAPER-3FC20D75,,,,,1,2026-07-07T14:58:50.300033+00:00,2026-07-07T14:59:50.420577+00:00,,0
ORCL,94572352-98c1-4abf-865b-1cc08d3e793c,ORCL,SweepReversal,Sweep Reversal Long (low sweep → call),B,0.602,long,call,0,147.0,,,,2026-07-10,13,0.8,0.8049999999999999,0.8049999999999999,,,1040.0,1040.0,0.6000000000000001,1.2000000000000002,1.6,138.91000366210938,137.41245304870606,140.95000457763672,0.0,0.0,0.0,0.0,0.0,0.0,0,0,0,,,6.4999999999998614,0.006249999999999867,SWEEP_REVERSAL,16.43000030517578,0,closed,theta_bleed pnl=0.6%,PAPER-D89134FF,,,,,1,2026-07-07T15:09:50.222996+00:00,2026-07-07T15:10:05.293131+00:00,,0
ORCL,53e5eca5-0f32-4db2-b498-b56cabce6505,ORCL,SweepReversal,Sweep Reversal Long (low sweep → call),B,0.601,long,call,0,147.0,,,,2026-07-10,13,0.8049999999999999,0.81,0.81,,,1046.5,1046.5,0.60375,1.2075,1.6099999999999999,139.18699645996094,137.41245304870606,141.64248657226562,0.0,0.0,0.0,0.0,0.0,0.0,0,0,0,,,6.50000000000015,0.006211180124223746,SWEEP_REVERSAL,16.43000030517578,0,closed,theta_bleed pnl=0.6%,PAPER-437046FB,,,,,1,2026-07-07T15:10:35.203168+00:00,2026-07-07T15:11:35.306035+00:00,,0
ORCL,9a95fc16-3cba-4fee-80a4-da1b8e6ca4c3,ORCL,SweepReversal,Sweep Reversal Long (low sweep → call),B,0.626,long,call,0,147.0,,,,2026-07-10,12,0.81,0.8400000000000001,0.8400000000000001,,,972.0000000000001,972.0000000000001,0.6075,1.215,1.62,139.32000732421875,137.41245304870606,141.97501373291016,0.0,0.0,0.0,0.0,0.0,0.0,0,0,0,,,36.00000000000003,0.03703703703703707,SWEEP_REVERSAL,16.43000030517578,0,closed,bos_exit pnl=3.7%,PAPER-54C23A75,,,,,1,2026-07-07T15:11:50.399217+00:00,2026-07-07T15:15:05.286183+00:00,,0
ORCL,1a8a2f4b-f540-45ef-a26b-6dde3eaf317f,ORCL,SweepReversal,Sweep Reversal Long (low sweep → call),B,0.638,long,call,0,146.0,,,,2026-07-10,20,0.51,0.515,0.515,,,1019.9999999999999,1019.9999999999999,0.3825,0.765,1.02,138.4600067138672,137.40745317077636,139.83251953125,0.0,0.0,0.0,0.0,0.0,0.0,0,0,0,,,10.000000000000009,0.00980392156862746,SWEEP_REVERSAL,18.25,0,closed,theta_bleed pnl=1.0%,PAPER-9BF8851D,,,,,1,2026-07-08T15:37:36.937409+00:00,2026-07-08T17:36:06.978140+00:00,,0
ORCL,2c5e7423-7528-41d6-88fa-8bcf93d1fb6b,ORCL,ORBStrategy,ORB Long,A,0.855,long,call,0,149.0,,,,2026-07-10,32,0.49,0.99,0.99,,,1568.0,1568.0,0.9999389056000227,0.735,0.98,145.6345977783203,144.72000122070312,148.62,144.78,140.94,0.0,0.0,0.0,0.0,0,0,0,,,1600.0,1.0204081632653061,BREAKOUT_VOLATILE,16.760000228881836,0,closed,orb_fvg_trail_stop pnl=102.0%,PAPER-C2E1CCE1,,,,,1,2026-07-09T13:37:04.552734+00:00,2026-07-09T13:50:19.619070+00:00,,0
ORCL,1014d62b-092b-4b3b-a103-6fb6be4f5011,ORCL,ORBStrategy,ORB Short,A,0.855,short,put,0,138.0,,,,2026-07-10,64,0.245,0.21500000000000002,0.21500000000000002,,,1568.0,1568.0,0.18375,0.3675,0.49,142.02569580078125,141.83999633789062,138.06500000000003,145.595,141.83,0.0,0.0,0.0,0.0,0,0,0,,,-191.99999999999983,-0.12244897959183662,BREAKOUT_VOLATILE,15.739999771118164,0,closed,orb_range_violation: 1m close 142.21 back inside range (above 141.83),PAPER-6F6E4346,,,,,1,2026-07-10T13:58:15.160587+00:00,2026-07-10T13:59:14.923160+00:00,,0
ORCL,0c37d4a3-f57f-45ff-9fa9-edd88b4b6e9b,ORCL,ORBStrategy,ORB Short,A,0.855,short,put,0,138.0,,,,2026-07-10,98,0.16,0.215,0.215,,,1568.0,1568.0,0.12,0.24,0.32,141.60000610351562,141.9199981689453,138.06500000000003,145.595,141.83,0.0,0.0,0.0,0.0,0,0,0,,,539.0,0.34374999999999994,BREAKOUT_VOLATILE,15.739999771118164,0,closed,orb_trail_stop pnl=34.4%,PAPER-163D2102,,,,,1,2026-07-10T14:01:15.121518+00:00,2026-07-10T14:03:30.211438+00:00,,0
ORCL,cb20eef0-15aa-4c66-8da4-0625d9d2034f,ORCL,ORBStrategy,ORB Short,A,0.855,short,put,0,138.0,,,,2026-07-10,71,0.22,0.185,0.185,,,1562.0,1562.0,0.165,0.33,0.44,141.61000061035156,141.77499389648438,138.06500000000003,145.595,141.83,0.0,0.0,0.0,0.0,0,0,0,,,-248.50000000000003,-0.15909090909090912,BREAKOUT_VOLATILE,15.739999771118164,0,closed,orb_range_violation: 1m close 141.94 back inside range (above 141.83),PAPER-F4BA58DF,,,,,1,2026-07-10T14:03:44.781990+00:00,2026-07-10T14:06:14.802050+00:00,,0
PLTR,45368b34-d050-485f-9b18-bc87633b1e77,PLTR,SweepReversal,Sweep Reversal Short (high sweep → put),B,0.637,short,put,0,128.0,,,,2026-07-10,15,0.69,0.6950000000000001,0.6950000000000001,,,1035.0,1035.0,0.5175,1.035,1.38,135.17999267578125,136.21608183288572,133.8299789428711,0.0,0.0,0.0,0.0,0.0,0.0,0,0,0,,,7.500000000000173,0.00724637681159437,SWEEP_REVERSAL,16.489999771118164,0,closed,theta_bleed pnl=0.7%,PAPER-32174271,,,,,1,2026-07-07T15:54:20.872403+00:00,2026-07-07T15:54:50.709686+00:00,,0
PLTR,87cdac79-d27e-42ca-b268-d49b15ce4c67,PLTR,SweepReversal,Sweep Reversal Short (high sweep → put),B,0.71,short,put,0,128.0,,,,2026-07-10,21,0.495,0.5,0.5,,,1039.5,1039.5,0.37124999999999997,0.7424999999999999,0.99,137.07000732421875,137.95782733154294,135.94500732421875,0.0,0.0,0.0,0.0,0.0,0.0,0,0,0,,,10.500000000000009,0.01010101010101011,SWEEP_REVERSAL,15.949999809265137,0,closed,theta_bleed pnl=1.0%,PAPER-A2786D0B,,,,,1,2026-07-07T17:10:51.125090+00:00,2026-07-07T17:26:20.828563+00:00,,0
PLTR,eead4c15-67bc-4dd1-bf9d-c5dd4b972913,PLTR,ORBStrategy,ORB Short,A,0.855,short,put,0,125.0,,,,2026-07-10,34,0.45499999999999996,0.45499999999999996,0.45499999999999996,,,1547.0,1547.0,0.34124999999999994,0.6824999999999999,0.9099999999999999,127.41500091552734,128.63999938964844,125.4702,131.01,128.2401,0.0,0.0,0.0,0.0,0,0,0,,,0.0,0.0,BREAKOUT_VOLATILE,17.3799991607666,0,closed,orb_range_violation: 1m close 128.47 back inside range (above 128.24),PAPER-DD4E477D,,,,,1,2026-07-08T13:37:16.124250+00:00,2026-07-08T13:41:16.087710+00:00,,0
PLTR,ee60be2e-a61d-4779-845d-fa09359c8148,PLTR,SweepReversal,Sweep Reversal Long (low sweep → call),B,0.738,long,call,0,140.0,,,,2026-07-10,35,0.3,0.42,0.42,,,1050.0,1050.0,0.22499999999999998,0.44999999999999996,0.6,128.9499969482422,126.89297664642334,131.84499740600586,0.0,0.0,0.0,0.0,0.0,0.0,0,0,0,,,420.0,0.4,SWEEP_REVERSAL,17.3799991607666,0,closed,trail_stop_hit pnl=40.0%,PAPER-F09EC9B5,,,,,1,2026-07-08T13:46:51.179363+00:00,2026-07-08T13:47:06.144872+00:00,,0
PLTR,a408e164-4768-428a-b755-9d7401c8a38a,PLTR,SweepReversal,Sweep Reversal Long (low sweep → call),B,0.733,long,call,0,136.0,,,,2026-07-10,28,0.365,0.37,0.37,,,1021.9999999999999,1021.9999999999999,0.27375,0.5475,0.73,128.5883026123047,126.590080078125,131.39556121826172,0.0,0.0,0.0,0.0,0.0,0.0,0,0,0,,,14.000000000000012,0.013698630136986314,SWEEP_REVERSAL,17.3799991607666,0,closed,theta_bleed pnl=1.4%,PAPER-FDCCD0C9,,,,,1,2026-07-08T14:06:21.100478+00:00,2026-07-08T14:06:36.129480+00:00,,0
PLTR,875dd83f-2404-4680-9621-a5b1b2f1276a,PLTR,SweepReversal,Sweep Reversal Long (low sweep → call),B,0.738,long,call,0,135.0,,,,2026-07-10,26,0.39,0.395,0.395,,,1014.0,1014.0,0.2925,0.585,0.78,129.02999877929688,126.590080078125,132.4998016357422,0.0,0.0,0.0,0.0,0.0,0.0,0,0,0,,,13.00000000000001,0.012820512820512832,SWEEP_REVERSAL,17.3799991607666,0,closed,theta_bleed pnl=1.3%,PAPER-9F01D9C3,,,,,1,2026-07-08T14:08:21.035430+00:00,2026-07-08T14:08:36.065495+00:00,,0
PLTR,c3585df9-bc7c-45f8-8520-261ea92b633a,PLTR,SweepReversal,Sweep Reversal Long (low sweep → call),B,0.738,long,call,0,135.0,,,,2026-07-10,25,0.415,0.43,0.43,,,1037.5,1037.5,0.31124999999999997,0.6224999999999999,0.83,128.89999389648438,126.590080078125,132.17478942871094,0.0,0.0,0.0,0.0,0.0,0.0,0,0,0,,,37.500000000000036,0.036144578313253045,SWEEP_REVERSAL,17.3799991607666,0,closed,theta_bleed pnl=3.6%,PAPER-C58B4509,,,,,1,2026-07-08T14:08:51.132650+00:00,2026-07-08T14:12:51.030427+00:00,,0
PLTR,a252caca-cb76-4c84-872e-ef3abc333c49,PLTR,SweepReversal,Sweep Reversal Long (low sweep → call),B,0.643,long,call,0,135.0,,,,2026-07-10,20,0.525,0.53,0.53,,,1050.0,1050.0,0.39375000000000004,0.7875000000000001,1.05,128.77999877929688,126.590080078125,131.8748016357422,0.0,0.0,0.0,0.0,0.0,0.0,0,0,0,,,10.000000000000009,0.009523809523809532,SWEEP_REVERSAL,17.3799991607666,0,closed,theta_bleed pnl=1.0%,PAPER-01A0C350,,,,,1,2026-07-08T14:22:06.157171+00:00,2026-07-08T14:25:36.059119+00:00,,0
QQQ,8ce53ce5-70d6-4526-b18a-5468e991d0e8,QQQ,ORBStrategy,ORB Long,B,0.728,long,call,0,726.0,,,,2026-07-06,10,0.97,0.725,0.725,,,969.9999999999999,969.9999999999999,0.7275,1.455,1.94,722.510009765625,722.1699829101562,726.06,722.27,718.48,0.0,0.0,0.0,0.0,0,0,0,,,-245.00000000000003,-0.25257731958762886,RANGING,16.43000030517578,0,closed,orb_range_violation: 1m close 722.18 back inside range (below 722.27),PAPER-B2D26CAF,,,,,1,2026-07-06T13:50:16.216002+00:00,2026-07-06T14:00:16.061689+00:00,,0
QQQ,fe0c4b84-7cf6-478f-9d43-3df2dd6e9c14,QQQ,ORBStrategy,ORB Long,B,0.728,long,call,0,726.0,,,,2026-07-06,12,0.85,0.92,0.92,,,1019.9999999999999,1019.9999999999999,0.6375,1.275,1.7,722.6799926757812,722.1900024414062,726.06,722.27,718.48,0.0,0.0,0.0,0.0,0,0,0,,,84.00000000000007,0.08235294117647067,RANGING,16.43000030517578,0,closed,orb_range_violation: 1m close 722.17 back inside range (below 722.27),PAPER-049253B5,,,,,1,2026-07-06T14:02:17.131822+00:00,2026-07-06T14:05:17.194810+00:00,,0
QQQ,a67e00b0-66b3-49dd-9f6b-9f15d2a2b969,QQQ,ORBStrategy,ORB Long,B,0.76,long,call,0,726.0,,,,2026-07-06,8,1.18,0.385,0.385,,,944.0,944.0,0.885,1.77,2.36,722.8699951171875,721.9099731445312,726.06,722.27,718.48,0.0,0.0,0.0,0.0,0,0,0,,,-636.0,-0.673728813559322,RANGING,16.43000030517578,0,closed,orb_range_violation: 1m close 722.19 back inside range (below 722.27),PAPER-8062E8E1,,,,,1,2026-07-06T14:07:16.058898+00:00,2026-07-06T17:33:16.249058+00:00,,0
QQQ,24eef91a-945f-4272-80ef-032d64832e97,QQQ,ORBStrategy,ORB Short,B,0.728,short,put,0,708.0,,,,2026-07-07,8,1.295,1.335,1.335,,,1036.0,1036.0,0.97125,1.9425,2.59,711.1500244140625,712.02001953125,708.1103,716.3397,712.225,0.0,0.0,0.0,0.0,0,0,0,,,32.00000000000003,0.030888030888030917,RANGING,15.920000076293945,0,closed,theta_bleed pnl=3.1%,PAPER-D0870B43,,,,,1,2026-07-07T13:53:16.802635+00:00,2026-07-07T13:53:25.534095+00:00,,0
QQQ,408a6ccc-9189-4870-ac62-ca786430ee84,QQQ,ORBStrategy,ORB Short,B,0.728,short,put,0,708.0,,,,2026-07-07,6,1.525,1.57,1.57,,,914.9999999999999,914.9999999999999,1.1437499999999998,2.2874999999999996,3.05,711.0250244140625,712.02001953125,708.1103,716.3397,712.225,0.0,0.0,0.0,0.0,0,0,0,,,27.000000000000092,0.029508196721311577,RANGING,15.920000076293945,0,closed,theta_bleed pnl=3.0%,PAPER-87CDFF7A,,,,,1,2026-07-07T13:53:40.744293+00:00,2026-07-07T13:54:40.851318+00:00,,0
QQQ,1c2fadfa-2319-4bbc-ba11-fc287b9294eb,QQQ,SweepReversal,Sweep Reversal Long (low sweep → call),B,0.567,long,call,0,710.0,,,,2026-07-07,14,0.72,0.73,0.73,,,1008.0,1008.0,0.54,1.08,1.44,707.7349853515625,704.1951243896484,711.9874267578125,0.0,0.0,0.0,0.0,0.0,0.0,0,0,0,,,14.000000000000012,0.013888888888888902,SWEEP_REVERSAL,16.420000076293945,0,closed,theta_bleed pnl=1.4%,PAPER-88B24F59,,,,,1,2026-07-07T14:58:40.782271+00:00,2026-07-07T14:59:25.790340+00:00,,0
QQQ,804ad77f-e4f5-4858-bc3e-631a801bdbf4,QQQ,IronCondorStrategy,Condor Leg 1: Put Credit Spread,B,,neutral,put,0,704.0,,,,2026-07-07,1,0.725,0.04999999999999999,0.04999999999999999,,,427.50000000000006,427.50000000000006,0.90625,,0.05,706.719970703125,,,0.0,0.0,704.0,699.0,0.725,5.0,1,1,0,QQQ   260707P00704000,QQQ   260707P00699000,67.5,-0.9310344827586208,RANGING,0.0,0,closed,nickel_close pnl=93.1%,PAPER,,,,QQQ   260707P00704000,1,2026-07-07T15:40:10.826036+00:00,2026-07-07T17:15:55.875389+00:00,,0
QQQ,e1f39c94-793c-4f1d-8f0e-29dc39f11911,QQQ,ORBStrategy,ORB Long,B,0.588,long,call,0,711.0,,,,2026-07-08,3,3.285,1.9249999999999998,1.9249999999999998,,,985.5,985.5,2.46375,4.9275,6.57,708.9600219726562,707.849609375,710.9,707.92,704.94,0.0,0.0,0.0,0.0,0,0,0,,,-408.0000000000001,-0.41400304414003053,RANGING,17.389999389648438,0,closed,orb_range_violation: 1m close 707.44 back inside range (below 707.92),PAPER-10398050,,,,,1,2026-07-08T13:41:13.071265+00:00,2026-07-08T13:50:12.945840+00:00,,0
QQQ,a4492c50-6e50-4f8d-a6aa-c3f73d941a0f,QQQ,ORBStrategy,ORB Long,B,0.555,long,call,0,711.0,,,,2026-07-08,6,1.58,1.5550000000000002,1.5550000000000002,,,948.0,948.0,1.185,2.37,3.16,707.3099975585938,708.1099853515625,710.9,707.92,704.94,0.0,0.0,0.0,0.0,0,0,0,,,-14.999999999999947,-0.015822784810126524,RANGING,17.389999389648438,0,closed,orb_range_violation: 1m close 707.89 back inside range (below 707.92),PAPER-D333D59F,,,,,1,2026-07-08T13:55:12.886764+00:00,2026-07-08T13:55:26.923686+00:00,,0
QQQ,5746176f-6612-4981-94b9-618a3eab69db,QQQ,IronCondorStrategy,Condor Leg 1: Put Credit Spread,B,,neutral,put,0,704.0,,,,2026-07-08,1,1.4349999999999996,1.8150000000000004,1.8150000000000004,,,356.50000000000006,356.50000000000006,1.7937499999999995,,0.05,705.0499877929688,,,0.0,0.0,704.0,699.0,1.4349999999999996,5.0,1,1,0,QQQ   260708P00704000,QQQ   260708P00699000,-38.00000000000008,0.2648083623693386,RANGING,0.0,0,closed,condor_stop pnl=-26.5%,PAPER,,,,QQQ   260708P00704000,1,2026-07-08T15:03:56.904568+00:00,2026-07-08T15:32:42.026621+00:00,,0
QQQ,2fa274cf-bd9c-40e8-aa49-73c64a861760,QQQ,SweepReversal,Sweep Reversal Long (low sweep → call),B,0.562,long,call,0,709.0,,,,2026-07-08,21,0.485,0.495,0.495,,,1018.5,1018.5,0.36375,0.7275,0.97,703.5499877929688,700.2090631713867,707.510009765625,0.0,0.0,0.0,0.0,0.0,0.0,0,0,0,,,21.000000000000018,0.020618556701030948,SWEEP_REVERSAL,18.25,0,closed,theta_bleed pnl=2.1%,PAPER-0AC6D15B,,,,,1,2026-07-08T15:37:57.073732+00:00,2026-07-08T15:38:26.989476+00:00,,0
QQQ,a153465d-84c8-45bf-b874-00fd8821a9e6,QQQ,ORBStrategy,ORB Long,A,0.865,long,call,0,722.0,,,,2026-07-09,52,0.3,1.165,1.165,,,1560.0,1560.0,1.1729999999999998,0.44999999999999996,0.6,719.75,719.0800170898438,721.8399999999999,719.17,716.5,0.0,0.0,0.0,0.0,0,0,0,,,4498.0,2.8833333333333333,BREAKOUT_VOLATILE,16.75,0,closed,orb_fvg_trail_stop pnl=288.3%,PAPER-79BDB00A,,,,,1,2026-07-09T13:36:11.704836+00:00,2026-07-09T13:47:41.658635+00:00,,0
QQQ,724ed9ae-f7d6-40e1-a954-6461ca8ac4a6,QQQ,IronCondorStrategy,Condor Leg 1: Call Credit Spread,B,,neutral,call,0,723.0,,,,2026-07-09,1,0.37,0.5399999999999999,0.5399999999999999,,,463.0,463.0,0.4625,,0.05,720.1599731445312,,,0.0,0.0,723.0,728.0,0.37,5.0,1,1,0,QQQ   260709C00723000,QQQ   260709C00728000,-16.999999999999993,0.45945945945945926,RANGING,0.0,0,closed,condor_stop pnl=-45.9%,PAPER,,,,QQQ   260709C00723000,1,2026-07-09T15:09:41.645613+00:00,2026-07-09T15:11:13.062301+00:00,,0
QQQ,8bc97ff1-c819-45d5-b49a-9371ffb915af,QQQ,ButterflyStrategy,Debit Call Butterfly,B,0.656,neutral,call,1,725.0,720.0,725.0,730.0,2026-07-09,2,2.27,2.825,2.825,2.27,2.73,454.0,454.0,1.7025000000000001,3.635,2.816,721.4899291992188,0.0,725.0,0.0,0.0,0.0,0.0,0.0,0.0,0,0,0,,,111.00000000000003,0.24449339207048465,COMPRESSION,16.049999237060547,0,closed,target_hit pnl=24.4%,PAPER-BF-59696C7F,,,,,1,2026-07-09T16:35:41.807530+00:00,2026-07-09T17:24:41.482381+00:00,VIX 15–20: half size butterfly,0
QQQ,941a9026-8683-4446-ae05-5fc5dad64f8c,QQQ,ORBStrategy,ORB Long,B,0.68,long,call,0,725.0,,,,2026-07-10,9,1.1549999999999998,1.315,1.315,,,1039.4999999999998,1039.4999999999998,1.3399999999999999,1.7324999999999997,2.3099999999999996,723.4697265625,722.6199951171875,725.3876,722.8038,720.22,0.0,0.0,0.0,0.0,0,0,0,,,144.0000000000001,0.13852813852813867,RANGING,15.739999771118164,0,closed,hard_stop_25pct pnl=13.9%,PAPER-2B43FE7A,,,,,1,2026-07-10T14:05:36.563438+00:00,2026-07-10T14:11:51.303885+00:00,,0
SMCI,4f05c456-eac8-4f6f-90ad-e155dd743698,SMCI,ORBStrategy,ORB Short,B,0.728,short,put,0,26.0,,,,2026-07-10,13,0.755,0.76,0.76,,,981.5,981.5,0.56625,1.1325,1.51,26.325000762939453,26.46500015258789,25.92,26.97,26.445,0.0,0.0,0.0,0.0,0,0,0,,,6.500000000000005,0.006622516556291397,RANGING,15.890000343322754,0,closed,theta_bleed pnl=0.7%,PAPER-D28C1963,,,,,1,2026-07-07T13:51:20.423665+00:00,2026-07-07T13:51:50.389492+00:00,,0
SMCI,232ebc97-33d2-4d3b-92d3-041786fcf0fb,SMCI,SweepReversal,Sweep Reversal Long (low sweep → call),B,0.665,long,call,0,28.5,,,,2026-07-10,65,0.16,0.165,0.165,,,1040.0,1040.0,0.12,0.24,0.32,25.68000030517578,25.37959568595886,26.09249973297119,0.0,0.0,0.0,0.0,0.0,0.0,0,0,0,,,32.50000000000003,0.03125000000000003,SWEEP_REVERSAL,15.930000305175781,0,closed,bos_exit pnl=3.1%,PAPER-0C099400,,,,,1,2026-07-07T14:48:23.466652+00:00,2026-07-07T15:15:06.499512+00:00,,0
SMCI,acf6de36-4ba5-4cdf-aac2-6bb7594fc7b9,SMCI,ORBStrategy,ORB Long,A,0.855,long,call,0,28.0,,,,2026-07-10,50,0.31,0.31,0.31,,,1550.0,1550.0,0.23249999999999998,0.46499999999999997,0.62,26.825000762939453,26.761999130249023,27.62,26.825,26.03,0.0,0.0,0.0,0.0,0,0,0,,,0.0,0.0,BREAKOUT_VOLATILE,17.389999389648438,0,closed,orb_range_violation: 1m close 26.77 back inside range (below 26.82),PAPER-2B54A991,,,,,1,2026-07-08T13:37:03.557171+00:00,2026-07-08T13:38:03.741852+00:00,,0
SMCI,e53ad99a-2f22-4faf-a1ff-129c131def9e,SMCI,ORBStrategy,ORB Long,A,0.855,long,call,0,28.0,,,,2026-07-10,50,0.31,0.39,0.39,,,1550.0,1550.0,0.38000011126228656,0.46499999999999997,0.62,26.860000610351562,26.639999389648438,27.62,26.825,26.03,0.0,0.0,0.0,0.0,0,0,0,,,400.0000000000001,0.2580645161290323,BREAKOUT_VOLATILE,17.389999389648438,0,closed,orb_trail_stop pnl=25.8%,PAPER-EDC5EED2,,,,,1,2026-07-08T13:41:03.784151+00:00,2026-07-08T13:49:18.680865+00:00,,0
SMCI,5682893e-ab40-47c0-b441-833522980024,SMCI,ORBStrategy,ORB Long,A,0.805,long,call,0,29.0,,,,2026-07-10,60,0.26,0.185,0.185,,,1560.0000000000002,1560.0000000000002,0.195,0.39,0.52,28.88599967956543,28.610000610351562,29.306,28.608,27.91,0.0,0.0,0.0,0.0,0,0,0,,,-450.0000000000001,-0.2884615384615385,BREAKOUT_VOLATILE,15.739999771118164,0,closed,hard_stop_25pct pnl=-28.8%,PAPER-7E97BDF0,,,,,1,2026-07-10T13:53:28.574278+00:00,2026-07-10T13:56:13.832891+00:00,,0
SMH,294c9942-2586-4367-b565-4484e0c5abe1,SMH,ORBStrategy,ORB Short,B,0.728,short,put,0,570.0,,,,2026-07-10,1,9.625,9.725,9.725,,,962.5,962.5,7.21875,14.4375,19.25,575.5800170898438,577.77001953125,570.9300000000001,584.79,577.86,0.0,0.0,0.0,0.0,0,0,0,,,9.999999999999964,0.010389610389610353,RANGING,15.890000343322754,0,closed,theta_bleed pnl=1.0%,PAPER-373F70DB,,,,,1,2026-07-07T13:53:15.375247+00:00,2026-07-07T13:57:00.495816+00:00,,0
SMH,f3676e8f-5016-4ff0-a39b-7fc2c391053d,SMH,SweepReversal,Sweep Reversal Long (low sweep → call),B,0.602,long,call,0,605.0,,,,2026-07-10,3,3.25,3.5,3.5,,,975.0,975.0,2.4375,4.875,6.5,577.155029296875,573.8056248779296,581.3175659179688,0.0,0.0,0.0,0.0,0.0,0.0,0,0,0,,,75.0,0.07692307692307693,SWEEP_REVERSAL,15.890000343322754,0,closed,bos_exit pnl=7.7%,PAPER-5266AD39,,,,,1,2026-07-07T14:09:30.486223+00:00,2026-07-07T14:13:15.696450+00:00,,0
SMH,468e9f01-7d6c-4ff3-941a-dfe9f220c6cd,SMH,SweepReversal,Sweep Reversal Long (low sweep → call),B,0.611,long,call,0,602.5,,,,2026-07-10,3,3.135,3.16,3.16,,,940.4999999999999,940.4999999999999,2.35125,4.7025,6.27,570.7999877929688,566.2631870727539,576.7549438476562,0.0,0.0,0.0,0.0,0.0,0.0,0,0,0,,,7.500000000000107,0.007974481658692299,SWEEP_REVERSAL,16.360000610351562,0,closed,theta_bleed pnl=0.8%,PAPER-1E51D69A,,,,,1,2026-07-07T14:51:45.471809+00:00,2026-07-07T15:14:30.520548+00:00,,0
SMH,ca62d844-79a7-4961-96ac-3c25d93e4832,SMH,ORBStrategy,ORB Long,B,0.76,long,call,0,595.0,,,,2026-07-10,1,7.1,7.1,7.1,,,710.0,710.0,5.324999999999999,10.649999999999999,14.2,587.6699829101562,585.0,595.5799999999999,585.31,575.04,0.0,0.0,0.0,0.0,0,0,0,,,0.0,0.0,RANGING,17.389999389648438,0,closed,orb_range_violation: 1m close 584.31 back inside range (below 585.31),PAPER-8FF1AAC3,,,,,1,2026-07-08T13:36:09.816382+00:00,2026-07-08T13:38:10.015496+00:00,,0
SMH,ad4d38c2-2d1e-4332-8d63-3d0ecc86d05e,SMH,ORBStrategy,ORB Long,A,0.855,long,call,0,595.0,,,,2026-07-10,2,7.1,7.225,7.225,,,1420.0,1420.0,5.324999999999999,10.649999999999999,14.2,586.6300048828125,585.2899780273438,595.5799999999999,585.31,575.04,0.0,0.0,0.0,0.0,0,0,0,,,25.0,0.017605633802816902,BREAKOUT_VOLATILE,17.389999389648438,0,closed,theta_bleed pnl=1.8%,PAPER-6226ECEF,,,,,1,2026-07-08T13:41:09.902059+00:00,2026-07-08T13:48:24.869364+00:00,,0
SPX,671932e7-31cc-4c81-bc6d-bc07b351a593,SPX,IronCondorStrategy,Condor Leg 1: Put Credit Spread,B,,neutral,put,0,7475.0,,,,2026-07-07,1,1.2499999999999991,1.6000000000000005,1.6000000000000005,,,375.0000000000001,375.0000000000001,1.562499999999999,,0.05,7489.22021484375,,,0.0,0.0,7475.0,7470.0,1.2499999999999991,5.0,1,1,0,SPXW  260707P07475000,SPXW  260707P07470000,-35.00000000000014,0.28000000000000136,RANGING,0.0,0,closed,condor_stop pnl=-28.0%,PAPER,,,,SPXW  260707P07475000,1,2026-07-07T15:50:06.170299+00:00,2026-07-07T15:56:35.697162+00:00,,0
SPX,9b079b81-b2c1-4d28-ba12-9b7746503779,SPX,ORBStrategy,ORB Short,A,0.82,short,put,0,7435.0,,,,2026-07-08,1,8.350000000000001,8.4,8.4,,,835.0000000000001,835.0000000000001,6.262500000000001,12.525000000000002,16.700000000000003,7451.830078125,7459.509765625,7437.259800000001,7476.54,7456.8999,0.0,0.0,0.0,0.0,0,0,0,,,4.999999999999893,0.0059880239520956795,RANGING,17.489999771118164,0,closed,theta_bleed pnl=0.6%,PAPER-0CE42662,,,,,1,2026-07-08T14:51:05.357876+00:00,2026-07-08T14:52:20.290022+00:00,,0
SPX,00887560-3e9d-4150-916e-21e830b8bc01,SPX,IronCondorStrategy,Condor Leg 1: Put Credit Spread,B,,neutral,put,0,7435.0,,,,2026-07-08,1,1.8499999999999979,2.349999999999998,2.349999999999998,,,315.0000000000002,315.0000000000002,2.3124999999999973,,0.05,7442.06982421875,,,0.0,0.0,7435.0,7430.0,1.8499999999999979,5.0,1,1,0,SPXW  260708P07435000,SPXW  260708P07430000,-50.0,0.27027027027027056,RANGING,0.0,0,closed,condor_stop pnl=-27.0%,PAPER,,,,SPXW  260708P07435000,1,2026-07-08T15:20:50.270044+00:00,2026-07-08T15:33:50.183643+00:00,,0
TSLA,45bd2f72-857d-48e8-8ba7-a3baf61358e8,TSLA,SweepReversal,Sweep Reversal Long (low sweep → call),A,0.8,long,call,0,407.5,,,,2026-07-08,57,0.275,0.28,0.28,,,1567.5,1567.5,0.20625000000000002,0.41250000000000003,0.55,396.625,393.0165936584473,401.44749450683594,0.0,0.0,0.0,0.0,0.0,0.0,0,0,0,,,28.500000000000025,0.018181818181818195,SWEEP_REVERSAL,17.389999389648438,0,closed,theta_bleed pnl=1.8%,PAPER-F9458F62,,,,,1,2026-07-08T14:23:45.971035+00:00,2026-07-08T14:24:15.890109+00:00,,0
TSLA,ddb11e0a-b006-4592-adb9-5caa5113bea9,TSLA,SweepReversal,Sweep Reversal Long (low sweep → call),A,0.796,long,call,0,407.5,,,,2026-07-08,55,0.28500000000000003,0.21000000000000002,0.21000000000000002,,,1567.5000000000002,1567.5000000000002,0.21375000000000002,0.42750000000000005,0.5700000000000001,397.2200012207031,393.0165936584473,402.93499755859375,0.0,0.0,0.0,0.0,0.0,0.0,0,0,0,,,-412.5000000000001,-0.2631578947368421,SWEEP_REVERSAL,17.389999389648438,0,closed,stop_hit pnl=-26.3%,PAPER-FF8A2CBE,,,,,1,2026-07-08T14:25:45.878277+00:00,2026-07-08T14:28:45.912304+00:00,,0
TSLA,073f8405-d1f2-4f85-a55c-8072b29a80eb,TSLA,SweepReversal,Sweep Reversal Long (low sweep → call),B,0.584,long,call,0,400.0,,,,2026-07-08,11,0.9450000000000001,0.95,0.95,,,1039.5000000000002,1039.5000000000002,0.70875,1.4175,1.8900000000000001,393.4549865722656,391.5281848754883,395.75730895996094,0.0,0.0,0.0,0.0,0.0,0.0,0,0,0,,,5.499999999999883,0.005291005291005178,SWEEP_REVERSAL,17.5,0,closed,theta_bleed pnl=0.5%,PAPER-175AB3C9,,,,,1,2026-07-08T14:54:01.009289+00:00,2026-07-08T14:55:01.945444+00:00,,0
TSLA,ceffbc15-3600-47ed-8833-73d18e25a173,TSLA,ORBStrategy,ORB Long,A,0.855,long,call,0,400.0,,,,2026-07-10,4,3.575,2.9050000000000002,2.9050000000000002,,,1430.0,1430.0,2.6812500000000004,5.362500000000001,7.15,396.8399963378906,395.42999267578125,400.2129,395.538,390.8631,0.0,0.0,0.0,0.0,0,0,0,,,-268.0,-0.18741258741258737,BREAKOUT_VOLATILE,16.739999771118164,0,closed,orb_range_violation: 1m close 394.26 back inside range (below 395.54),PAPER-312608C6,,,,,1,2026-07-09T14:01:41.008647+00:00,2026-07-09T14:11:10.792672+00:00,,0
UNH,b0abe95a-d11c-4345-ab31-a34108c5039d,UNH,ORBStrategy,ORB Short,B,0.555,short,put,0,420.0,,,,2026-07-10,2,3.5999999999999996,3.725,3.725,,,719.9999999999999,719.9999999999999,2.6999999999999997,5.3999999999999995,7.199999999999999,422.510009765625,422.67498779296875,419.60699999999997,426.395,423.001,0.0,0.0,0.0,0.0,0,0,0,,,25.00000000000009,0.03472222222222235,RANGING,15.890000343322754,0,closed,orb_range_violation: 1m close 423.07 back inside range (above 423.00),PAPER-00161A1B,,,,,1,2026-07-07T14:01:02.786890+00:00,2026-07-07T14:02:03.048985+00:00,,0
UNH,61f6d636-f25e-4a7e-933e-23e91de8d95a,UNH,SweepReversal,Sweep Reversal Short (high sweep → put),B,0.578,short,put,0,415.0,,,,2026-07-10,7,1.44,1.47,1.47,,,1008.0,1008.0,1.08,2.16,2.88,426.67999267578125,429.0286061096191,423.7999725341797,0.0,0.0,0.0,0.0,0.0,0.0,0,0,0,,,21.000000000000018,0.020833333333333353,SWEEP_REVERSAL,16.43000030517578,0,closed,theta_bleed pnl=2.1%,PAPER-5B7503A1,,,,,1,2026-07-07T15:28:02.832277+00:00,2026-07-07T15:29:02.954197+00:00,,0
UNH,27603fdc-3d99-47fd-9ff1-e910231fa705,UNH,SweepReversal,Sweep Reversal Short (high sweep → put),B,0.645,short,put,0,417.5,,,,2026-07-10,9,1.115,1.12,1.12,,,1003.5,1003.5,0.8362499999999999,1.6724999999999999,2.23,428.7049865722656,431.2007590026855,425.60748291015625,0.0,0.0,0.0,0.0,0.0,0.0,0,0,0,,,4.500000000000104,0.00448430493273553,SWEEP_REVERSAL,17.389999389648438,0,closed,theta_bleed pnl=0.4%,PAPER-C0390E98,,,,,1,2026-07-08T14:09:28.809096+00:00,2026-07-08T14:10:13.234954+00:00,,0
UNH,1338fac7-9402-4b23-98f3-f821a3a00d49,UNH,SweepReversal,Sweep Reversal Short (high sweep → put),B,0.594,short,put,0,417.5,,,,2026-07-10,9,1.085,0.765,0.765,,,976.5,976.5,0.81375,1.6275,2.17,428.42498779296875,430.5301061096191,425.91246032714844,0.0,0.0,0.0,0.0,0.0,0.0,0,0,0,,,-287.99999999999994,-0.2949308755760368,SWEEP_REVERSAL,17.389999389648438,0,closed,stop_hit pnl=-29.5%,PAPER-F75A6A06,,,,,1,2026-07-08T14:13:48.255270+00:00,2026-07-08T14:20:03.342006+00:00,,0
UNH,b4acb7b6-5716-45a3-9977-001e0eb001f7,UNH,SweepReversal,Sweep Reversal Short (high sweep → put),B,0.686,short,put,0,417.5,,,,2026-07-10,12,0.8500000000000001,0.88,0.88,,,1020.0000000000001,1020.0000000000001,0.6375000000000001,1.2750000000000001,1.7000000000000002,427.1000061035156,431.2007590026855,421.59503173828125,0.0,0.0,0.0,0.0,0.0,0.0,0,0,0,,,35.9999999999999,0.03529411764705872,SWEEP_REVERSAL,17.389999389648438,0,closed,theta_bleed pnl=3.5%,PAPER-1752C2F0,,,,,1,2026-07-08T14:23:33.292894+00:00,2026-07-08T14:24:03.324692+00:00,,0
UNH,654f4b76-3d31-42a9-8850-17f3e8e4c3b0,UNH,SweepReversal,Sweep Reversal Short (high sweep → put),B,0.696,short,put,0,417.5,,,,2026-07-10,11,0.89,0.895,0.895,,,979.0000000000001,979.0000000000001,0.6675,1.335,1.78,426.5950012207031,431.2007590026855,420.33251953125,0.0,0.0,0.0,0.0,0.0,0.0,0,0,0,,,5.500000000000005,0.005617977528089893,SWEEP_REVERSAL,17.389999389648438,0,closed,theta_bleed pnl=0.6%,PAPER-AEC3F078,,,,,1,2026-07-08T14:26:33.212214+00:00,2026-07-08T14:27:33.365740+00:00,,0
UNH,1110fa3e-272a-48cd-9076-1a171ab1ab28,UNH,SweepReversal,Sweep Reversal Short (high sweep → put),B,0.716,short,put,0,417.5,,,,2026-07-10,12,0.855,1.03,1.03,,,1026.0,1026.0,0.64125,1.2825,1.71,426.3999938964844,431.2007590026855,419.8450012207031,0.0,0.0,0.0,0.0,0.0,0.0,0,0,0,,,210.00000000000006,0.20467836257309946,SWEEP_REVERSAL,17.389999389648438,0,closed,trail_stop_hit pnl=20.5%,PAPER-8EE40BA9,,,,,1,2026-07-08T14:27:48.368887+00:00,2026-07-08T14:29:48.318767+00:00,,0
UNH,99c579ed-5dff-46b9-9df3-14e6b42da90c,UNH,ORBStrategy,ORB Long,A,0.855,long,call,0,435.0,,,,2026-07-10,13,1.21,1.405,1.405,,,1573.0,1573.0,1.440939801092648,1.815,2.42,429.31500244140625,428.50421142578125,433.484,428.5,423.516,0.0,0.0,0.0,0.0,0,0,0,,,253.5000000000001,0.16115702479338848,BREAKOUT_VOLATILE,16.739999771118164,0,closed,orb_trail_stop pnl=16.1%,PAPER-84AC4899,,,,,1,2026-07-09T13:48:14.024739+00:00,2026-07-09T13:57:57.676088+00:00,,0
UNH,100621ed-91aa-4d86-ba56-4ba2e8515e01,UNH,ORBStrategy,ORB Short,A,0.805,short,put,0,420.0,,,,2026-07-10,64,0.245,0.245,0.245,,,1568.0,1568.0,0.18375,0.3675,0.49,427.3299865722656,427.4100036621094,422.14,432.84,427.49,0.0,0.0,0.0,0.0,0,0,0,,,0.0,0.0,BREAKOUT_VOLATILE,15.739999771118164,0,closed,orb_range_violation: 1m close 427.93 back inside range (above 427.49),PAPER-68D5BCCF,,,,,1,2026-07-10T13:37:17.571575+00:00,2026-07-10T13:38:17.022253+00:00,,0
UNH,09d7c0d8-7f40-4268-8b4f-8f5193927e38,UNH,ORBStrategy,ORB Short,A,0.805,short,put,0,420.0,,,,2026-07-10,112,0.14,0.14,0.14,,,1568.0000000000002,1568.0000000000002,0.10500000000000001,0.21000000000000002,0.28,426.8999938964844,427.5199890136719,422.14,432.84,427.49,0.0,0.0,0.0,0.0,0,0,0,,,0.0,0.0,BREAKOUT_VOLATILE,15.739999771118164,0,closed,orb_range_violation: 1m close 427.64 back inside range (above 427.49),PAPER-C7C8382D,,,,,1,2026-07-10T14:04:46.798660+00:00,2026-07-10T14:06:16.877953+00:00,,0
XOM,a30fd0b6-c72c-4188-83b2-47ed89eee177,XOM,ORBStrategy,ORB Long,A,0.915,long,call,0,141.0,,,,2026-07-10,35,0.44,1.415,1.415,,,1540.0,1540.0,1.4364999999999999,0.66,0.88,139.92999267578125,139.6750030517578,141.2346,139.6823,138.13,0.0,0.0,0.0,0.0,0,0,0,,,3412.5,2.2159090909090913,BREAKOUT_VOLATILE,15.890000343322754,0,closed,orb_fvg_trail_stop pnl=221.6%,PAPER-50C8581C,,,,,1,2026-07-07T13:36:10.831213+00:00,2026-07-07T14:08:25.869075+00:00,,0
XOM,8e79887a-c58b-4394-97cf-c3898f6706ea,XOM,SweepReversal,Sweep Reversal Short (high sweep → put),B,0.65,short,put,0,136.0,,,,2026-07-10,36,0.28500000000000003,0.39,0.39,,,1026.0000000000002,1026.0000000000002,0.392,0.42750000000000005,0.5700000000000001,140.6300048828125,141.53138938903808,139.4900131225586,0.0,0.0,0.0,0.0,0.0,0.0,0,0,0,,,377.99999999999994,0.36842105263157887,SWEEP_REVERSAL,16.360000610351562,0,closed,stop_hit pnl=36.8%,PAPER-BFF17944,,,,,1,2026-07-07T14:46:56.091939+00:00,2026-07-07T17:45:55.961892+00:00,,0
XOM,72f4410b-32f2-49ee-9851-24770cbb3f6f,XOM,ORBStrategy,ORB Short,B,0.77,short,put,0,138.0,,,,2026-07-10,28,0.375,0.57,0.57,,,1050.0,1050.0,0.576,0.5625,0.75,139.01499938964844,139.2100067138672,138.28,140.04,139.16,0.0,0.0,0.0,0.0,0,0,0,,,545.9999999999999,0.5199999999999999,BREAKOUT_VOLATILE,16.739999771118164,0,closed,orb_trail_stop pnl=52.0%,PAPER-F182105A,,,,,1,2026-07-09T13:46:45.754387+00:00,2026-07-09T13:52:45.698731+00:00, | 1 unnamed liq cluster(s) in path — grade reduced,0
